dist_m,x_east,y_up,z_north_neg,width_m,altLeft_asl,altRight_asl,camber_deg
0.00,24.546,0.010,34.759,13.00,581.14,580.76,1.674
7.00,30.005,0.010,30.373,13.00,581.145,580.755,1.718
14.01,35.465,0.000,25.987,13.00,581.133,580.747,1.701
21.01,40.924,0.000,21.602,13.00,581.133,580.747,1.701
28.01,46.383,0.000,17.216,13.00,581.133,580.747,1.701
35.01,51.842,-0.010,12.830,13.00,581.128,580.732,1.745
42.02,57.301,-0.010,8.444,13.00,581.127,580.733,1.736
49.02,62.760,-0.010,4.059,13.00,581.128,580.732,1.745
56.02,68.219,-0.010,-0.327,13.00,581.12,580.74,1.674
63.02,73.678,-0.010,-4.713,13.00,581.124,580.736,1.710
70.03,79.137,-0.010,-9.099,13.00,581.125,580.735,1.718
77.03,84.596,-0.010,-13.484,13.00,581.125,580.735,1.718
84.03,90.055,-0.010,-17.870,13.00,581.126,580.734,1.727
91.03,95.514,-0.010,-22.256,13.00,581.121,580.739,1.683
98.04,100.974,-0.020,-26.642,13.00,581.113,580.727,1.701
105.04,106.433,-0.020,-31.028,13.00,581.107,580.733,1.648
112.04,111.892,-0.020,-35.413,13.00,581.113,580.727,1.701
119.04,117.351,-0.020,-39.799,13.00,581.119,580.721,1.754
126.05,122.810,-0.020,-44.185,13.00,581.127,580.713,1.824
133.05,128.269,-0.020,-48.571,13.00,581.12,580.72,1.762
140.05,133.728,-0.010,-52.956,13.00,581.121,580.739,1.683
147.05,139.187,-0.010,-57.342,13.00,581.118,580.742,1.657
154.06,144.646,-0.010,-61.728,13.00,581.121,580.739,1.683
161.06,150.105,-0.010,-66.114,13.00,581.124,580.736,1.710
168.06,155.564,-0.010,-70.499,13.00,581.131,580.729,1.771
175.07,161.023,-0.010,-74.885,13.00,581.137,580.723,1.824
182.07,166.483,-0.010,-79.271,13.00,581.14,580.72,1.850
189.07,171.942,-0.010,-83.657,13.00,581.13,580.73,1.762
196.07,177.401,-0.010,-88.043,13.00,581.125,580.735,1.718
203.08,182.860,-0.010,-92.428,13.00,581.125,580.735,1.718
210.08,188.319,-0.010,-96.814,13.00,581.126,580.734,1.727
217.08,193.778,-0.010,-101.200,13.00,581.128,580.732,1.745
224.08,199.237,0.000,-105.586,13.00,581.139,580.741,1.754
231.09,204.696,0.000,-109.971,13.00,581.143,580.737,1.789
238.09,210.155,0.000,-114.357,13.00,581.138,580.742,1.745
245.09,215.614,0.000,-118.743,13.00,581.141,580.739,1.771
252.09,221.073,0.000,-123.129,13.00,581.143,580.737,1.789
259.10,226.532,0.010,-127.515,13.00,581.161,580.739,1.859
266.10,231.992,0.010,-131.900,13.00,581.16,580.74,1.850
273.10,237.451,0.010,-136.286,13.00,581.16,580.74,1.850
280.10,242.910,0.010,-140.672,13.00,581.153,580.747,1.789
287.11,248.369,0.010,-145.058,13.00,581.147,580.753,1.736
294.11,253.828,0.010,-149.443,13.00,581.143,580.757,1.701
301.11,259.287,0.010,-153.829,13.00,581.146,580.754,1.727
308.11,264.746,0.010,-158.215,13.00,581.15,580.75,1.762
315.12,270.205,0.020,-162.601,13.00,581.164,580.756,1.798
322.12,275.664,0.020,-166.986,13.00,581.159,580.761,1.754
329.12,281.123,0.020,-171.372,13.00,581.159,580.761,1.754
336.13,286.582,0.020,-175.758,13.00,581.154,580.766,1.710
343.13,292.041,0.020,-180.144,13.00,581.155,580.765,1.718
350.13,297.500,0.020,-184.530,13.00,581.151,580.769,1.683
357.13,302.960,0.020,-188.915,13.00,581.148,580.772,1.657
364.14,308.419,0.010,-193.301,13.00,581.14,580.76,1.674
371.14,313.878,0.010,-197.687,13.00,581.143,580.757,1.701
378.14,319.337,0.010,-202.073,13.00,581.144,580.756,1.710
385.14,324.796,0.010,-206.458,13.00,581.145,580.755,1.718
392.15,330.255,0.010,-210.844,13.00,581.146,580.754,1.727
399.15,335.714,0.000,-215.230,13.00,581.139,580.741,1.754
406.15,341.173,0.000,-219.616,13.00,581.138,580.742,1.745
413.15,346.632,0.000,-224.001,13.00,581.132,580.748,1.692
420.16,352.091,-0.010,-228.387,13.00,581.123,580.737,1.701
427.16,357.550,-0.020,-232.773,13.00,581.117,580.723,1.736
434.16,363.009,-0.030,-237.159,13.00,581.111,580.709,1.771
441.16,368.469,-0.050,-241.545,13.00,581.094,580.686,1.798
448.17,373.928,-0.070,-245.930,13.00,581.08,580.66,1.850
455.17,379.387,-0.090,-250.316,13.00,581.07,580.63,1.939
462.17,384.846,-0.110,-254.702,13.00,581.06,580.6,2.027
469.17,390.305,-0.140,-259.088,13.00,581.031,580.569,2.035
476.18,395.764,-0.180,-263.473,13.00,580.99,580.53,2.027
483.18,401.223,-0.210,-267.859,13.00,580.957,580.503,2.000
490.18,406.682,-0.250,-272.245,13.00,580.907,580.473,1.912
497.19,412.141,-0.300,-276.631,13.00,580.842,580.438,1.780
504.19,417.600,-0.340,-281.016,13.00,580.794,580.406,1.710
511.19,423.059,-0.380,-285.402,13.00,580.756,580.364,1.727
518.19,428.518,-0.430,-289.788,13.00,580.711,580.309,1.771
525.20,433.978,-0.470,-294.174,13.00,580.669,580.271,1.754
532.20,439.437,-0.510,-298.560,13.00,580.627,580.233,1.736
539.20,444.896,-0.550,-302.945,13.00,580.587,580.193,1.736
546.20,450.355,-0.600,-307.331,13.00,580.538,580.142,1.745
553.21,455.814,-0.640,-311.717,13.00,580.497,580.103,1.736
560.21,461.273,-0.690,-316.103,13.00,580.444,580.056,1.710
567.21,466.732,-0.740,-320.488,13.00,580.394,580.006,1.710
574.21,472.191,-0.790,-324.874,13.00,580.349,579.951,1.754
581.22,477.650,-0.840,-329.260,13.00,580.303,579.897,1.789
588.22,483.109,-0.890,-333.646,13.00,580.251,579.849,1.771
595.22,488.568,-0.940,-338.031,13.00,580.199,579.801,1.754
602.22,494.027,-0.990,-342.417,13.00,580.152,579.748,1.780
609.23,499.487,-1.050,-346.803,13.00,580.093,579.687,1.789
616.23,504.946,-1.100,-351.189,13.00,580.04,579.64,1.762
623.23,510.405,-1.160,-355.575,13.00,579.971,579.589,1.683
630.23,515.864,-1.210,-359.960,13.00,579.918,579.542,1.657
637.24,521.323,-1.270,-364.346,13.00,579.848,579.492,1.569
644.24,526.782,-1.320,-368.732,13.00,579.79,579.45,1.498
651.24,532.241,-1.370,-373.118,13.00,579.737,579.403,1.472
658.25,537.700,-1.430,-377.503,13.00,579.688,579.332,1.569
665.25,543.159,-1.480,-381.889,13.00,579.654,579.266,1.710
672.25,548.618,-1.530,-386.275,13.00,579.613,579.207,1.789
679.25,554.077,-1.590,-390.661,13.00,579.555,579.145,1.806
686.26,559.536,-1.640,-395.047,13.00,579.505,579.095,1.806
693.26,564.995,-1.690,-399.432,13.00,579.454,579.046,1.798
700.26,570.455,-1.740,-403.818,13.00,579.403,578.997,1.789
707.26,575.914,-1.790,-408.204,13.00,579.35,578.95,1.762
714.27,581.373,-1.840,-412.590,13.00,579.302,578.898,1.780
721.27,586.832,-1.890,-416.975,13.00,579.252,578.848,1.780
728.27,592.291,-1.950,-421.361,13.00,579.194,578.786,1.798
735.27,597.750,-2.000,-425.747,13.00,579.139,578.741,1.754
742.28,603.209,-2.050,-430.133,13.00,579.085,578.695,1.718
749.28,608.668,-2.100,-434.518,13.00,579.028,578.652,1.657
756.28,614.127,-2.160,-438.904,13.00,578.967,578.593,1.648
763.28,619.586,-2.210,-443.290,13.00,578.916,578.544,1.639
770.29,625.045,-2.260,-447.676,13.00,578.871,578.489,1.683
777.29,630.504,-2.310,-452.062,13.00,578.823,578.437,1.701
784.29,635.964,-2.360,-456.447,13.00,578.777,578.383,1.736
791.29,641.423,-2.410,-460.833,13.00,578.728,578.332,1.745
798.30,646.882,-2.460,-465.219,13.00,578.678,578.282,1.745
805.30,652.341,-2.510,-469.605,13.00,578.625,578.235,1.718
812.30,657.800,-2.560,-473.990,13.00,578.571,578.189,1.683
819.31,663.259,-2.610,-478.376,13.00,578.521,578.139,1.683
826.31,668.718,-2.650,-482.762,13.00,578.482,578.098,1.692
833.31,674.177,-2.700,-487.148,13.00,578.433,578.047,1.701
840.31,679.636,-2.750,-491.533,13.00,578.381,577.999,1.683
847.32,684.855,-2.800,-496.203,13.00,578.328,577.952,1.657
854.32,690.074,-2.850,-500.872,13.00,578.278,577.902,1.657
861.32,695.293,-2.920,-505.541,13.00,578.209,577.831,1.666
868.32,700.512,-3.010,-510.210,13.00,578.113,577.747,1.613
875.31,706.163,-3.130,-514.326,13.00,577.982,577.638,1.516
882.30,712.711,-3.300,-516.756,13.00,577.797,577.483,1.384
889.27,719.602,-3.510,-517.823,13.00,577.573,577.287,1.260
896.23,726.428,-3.780,-516.503,13.00,577.293,577.027,1.172
903.22,732.890,-4.110,-513.829,13.00,576.953,576.707,1.084
910.18,738.477,-4.510,-509.676,13.00,576.547,576.313,1.031
917.15,742.584,-4.980,-504.045,13.00,576.074,575.846,1.005
924.15,745.585,-5.510,-497.725,13.00,575.545,575.315,1.014
931.13,746.822,-6.090,-490.847,13.00,574.979,574.721,1.137
938.11,746.696,-6.720,-483.868,13.00,574.359,574.081,1.225
945.12,745.752,-7.370,-476.929,13.00,573.722,573.418,1.340
952.12,744.809,-8.050,-469.990,13.00,573.044,572.736,1.357
959.12,743.865,-8.730,-463.052,13.00,572.371,572.049,1.419
966.13,742.921,-9.400,-456.113,13.00,571.702,571.378,1.428
973.13,741.978,-10.060,-449.174,13.00,571.045,570.715,1.454
980.13,741.034,-10.710,-442.236,13.00,570.389,570.071,1.401
987.13,740.090,-11.340,-435.297,13.00,569.757,569.443,1.384
994.14,739.147,-11.960,-428.358,13.00,569.136,568.824,1.375
1001.14,738.203,-12.550,-421.419,13.00,568.55,568.23,1.410
1008.14,737.259,-13.130,-414.481,13.00,567.971,567.649,1.419
1015.14,736.316,-13.690,-407.542,13.00,567.408,567.092,1.392
1022.15,735.372,-14.230,-400.603,13.00,566.865,566.555,1.366
1029.15,734.428,-14.750,-393.664,13.00,566.341,566.039,1.331
1036.15,733.432,-15.250,-386.733,13.00,565.839,565.541,1.313
1043.15,731.894,-15.730,-379.906,13.00,565.36,565.06,1.322
1050.15,730.013,-16.190,-373.162,13.00,564.909,564.591,1.401
1057.15,727.736,-16.640,-366.543,13.00,564.466,564.134,1.463
1064.14,724.645,-17.060,-360.272,13.00,564.05,563.71,1.498
1071.14,721.096,-17.460,-354.237,13.00,563.639,563.321,1.401
1078.14,716.793,-17.840,-348.716,13.00,563.242,562.958,1.251
1085.14,712.443,-18.200,-343.229,13.00,562.862,562.618,1.075
1092.15,708.093,-18.530,-337.741,13.00,562.51,562.31,0.881
1099.15,703.743,-18.840,-332.254,13.00,562.179,562.021,0.696
1106.15,699.393,-19.130,-326.766,13.00,561.862,561.758,0.458
1113.16,695.042,-19.400,-321.279,13.00,561.556,561.524,0.141
1120.16,690.692,-19.650,-315.791,13.00,561.265,561.315,-0.220
1127.16,686.342,-19.880,-310.304,13.00,560.999,561.121,-0.538
1134.16,681.992,-20.100,-304.816,13.00,560.753,560.927,-0.767
1141.17,677.642,-20.290,-299.329,13.00,560.536,560.764,-1.005
1148.17,673.292,-20.470,-293.841,13.00,560.32,560.62,-1.322
1155.17,668.942,-20.640,-288.354,13.00,560.124,560.476,-1.551
1162.17,664.591,-20.790,-282.866,13.00,559.957,560.343,-1.701
1169.18,660.241,-20.930,-277.379,13.00,559.818,560.202,-1.692
1176.18,655.891,-21.050,-271.891,13.00,559.699,560.081,-1.683
1183.18,651.541,-21.170,-266.404,13.00,559.579,559.961,-1.683
1190.18,647.191,-21.270,-260.916,13.00,559.481,559.859,-1.666
1197.19,642.841,-21.350,-255.429,13.00,559.404,559.776,-1.639
1204.19,638.491,-21.430,-249.941,13.00,559.329,559.691,-1.595
1211.19,634.140,-21.490,-244.454,13.00,559.276,559.624,-1.533
1218.19,629.790,-21.550,-238.966,13.00,559.22,559.56,-1.498
1225.20,625.440,-21.580,-233.479,13.00,559.188,559.532,-1.516
1232.20,621.090,-21.610,-227.991,13.00,559.15,559.51,-1.586
1239.20,616.740,-21.620,-222.504,13.00,559.133,559.507,-1.648
1246.20,612.390,-21.620,-217.016,13.00,559.129,559.511,-1.683
1253.21,608.040,-21.610,-211.529,13.00,559.134,559.526,-1.727
1260.21,603.689,-21.580,-206.041,13.00,559.158,559.562,-1.780
1267.21,599.339,-21.550,-200.554,13.00,559.188,559.592,-1.780
1274.22,594.989,-21.500,-195.066,13.00,559.24,559.64,-1.762
1281.22,590.639,-21.440,-189.578,13.00,559.305,559.695,-1.718
1288.22,586.289,-21.360,-184.091,13.00,559.39,559.77,-1.674
1295.22,581.939,-21.280,-178.603,13.00,559.474,559.846,-1.639
1302.23,577.589,-21.180,-173.116,13.00,559.579,559.941,-1.595
1309.23,573.238,-21.070,-167.628,13.00,559.685,560.055,-1.630
1316.23,568.888,-20.960,-162.141,13.00,559.794,560.166,-1.639
1323.23,564.538,-20.840,-156.653,13.00,559.907,560.293,-1.701
1330.24,560.188,-20.710,-151.166,13.00,560.039,560.421,-1.683
1337.24,555.838,-20.580,-145.678,13.00,560.163,560.557,-1.736
1344.24,551.488,-20.450,-140.191,13.00,560.286,560.694,-1.798
1351.24,547.138,-20.310,-134.703,13.00,560.42,560.84,-1.850
1358.25,542.787,-20.180,-129.216,13.00,560.559,560.961,-1.771
1365.25,538.437,-20.050,-123.728,13.00,560.697,561.083,-1.701
1372.25,534.087,-19.930,-118.241,13.00,560.819,561.201,-1.683
1379.25,529.737,-19.810,-112.753,13.00,560.941,561.319,-1.666
1386.26,525.387,-19.710,-107.266,13.00,561.046,561.414,-1.621
1393.26,521.037,-19.620,-101.778,13.00,561.145,561.495,-1.542
1400.26,516.687,-19.540,-96.291,13.00,561.222,561.578,-1.569
1407.27,512.337,-19.480,-90.803,13.00,561.286,561.634,-1.533
1414.27,507.986,-19.440,-85.316,13.00,561.329,561.671,-1.507
1421.27,503.636,-19.410,-79.828,13.00,561.369,561.691,-1.419
1428.27,499.286,-19.400,-74.341,13.00,561.377,561.703,-1.437
1435.28,494.936,-19.410,-68.853,13.00,561.358,561.702,-1.516
1442.27,490.929,-19.440,-63.121,13.00,561.329,561.671,-1.507
1449.25,488.059,-19.480,-56.755,13.00,561.295,561.625,-1.454
1456.21,486.774,-19.540,-49.919,13.00,561.246,561.554,-1.357
1463.20,487.367,-19.620,-42.951,13.00,561.165,561.475,-1.366
1470.20,488.563,-19.710,-36.055,13.00,561.077,561.383,-1.348
1477.20,490.280,-19.820,-29.270,13.00,560.968,561.272,-1.340
1484.20,492.666,-19.940,-22.687,13.00,560.849,561.151,-1.331
1491.20,495.420,-20.070,-16.251,13.00,560.716,561.024,-1.357
1498.20,498.253,-20.220,-9.848,13.00,560.557,560.883,-1.437
1505.20,501.252,-20.390,-3.527,13.00,560.384,560.716,-1.463
1512.20,504.450,-20.570,2.703,13.00,560.199,560.541,-1.507
1519.20,507.648,-20.770,8.932,13.00,560.003,560.337,-1.472
1526.21,510.845,-20.980,15.162,13.00,559.8,560.12,-1.410
1533.21,514.043,-21.210,21.392,13.00,559.586,559.874,-1.269
1540.21,517.241,-21.450,27.622,13.00,559.368,559.612,-1.075
1547.22,520.439,-21.710,33.852,13.00,559.13,559.33,-0.881
1554.22,523.636,-21.990,40.082,13.00,558.879,559.021,-0.626
1561.22,526.834,-22.270,46.311,13.00,558.631,558.709,-0.344
1568.22,530.032,-22.580,52.541,13.00,558.362,558.358,0.018
1575.23,533.230,-22.890,58.771,13.00,558.084,558.016,0.300
1582.23,536.119,-23.220,65.147,13.00,557.778,557.662,0.511
1589.23,538.835,-23.560,71.599,13.00,557.456,557.304,0.670
1596.23,541.192,-23.900,78.193,13.00,557.134,556.946,0.829
1603.23,543.365,-24.250,84.845,13.00,556.802,556.578,0.987
1610.23,545.202,-24.610,91.602,13.00,556.462,556.198,1.163
1617.23,546.894,-24.970,98.392,13.00,556.11,555.83,1.234
1624.23,548.160,-25.330,105.280,13.00,555.759,555.461,1.313
1631.23,549.235,-25.700,112.195,13.00,555.389,555.091,1.313
1638.23,550.027,-26.070,119.153,13.00,555.024,554.716,1.357
1645.23,550.737,-26.440,126.116,13.00,554.651,554.349,1.331
1652.23,550.918,-26.810,133.117,13.00,554.271,553.989,1.243
1659.24,551.099,-27.170,140.117,13.00,553.902,553.638,1.163
1666.23,550.715,-27.540,147.106,13.00,553.531,553.269,1.155
1673.24,550.252,-27.900,154.093,13.00,553.191,552.889,1.331
1680.24,549.771,-28.250,161.079,13.00,552.858,552.522,1.481
1687.24,548.970,-28.580,168.035,13.00,552.549,552.171,1.666
1694.24,548.169,-28.910,174.992,13.00,552.228,551.832,1.745
1701.24,547.155,-29.210,181.915,13.00,551.944,551.516,1.886
1708.24,545.771,-29.500,188.779,13.00,551.667,551.213,2.000
1715.25,544.388,-29.760,195.644,13.00,551.421,550.939,2.123
1722.24,542.613,-29.990,202.407,13.00,551.204,550.696,2.238
1729.24,540.468,-30.200,209.073,13.00,551.009,550.471,2.370
1736.24,538.247,-30.390,215.711,13.00,550.835,550.265,2.511
1743.24,535.646,-30.550,222.213,13.00,550.684,550.096,2.590
1750.24,532.969,-30.680,228.681,13.00,550.552,549.968,2.572
1757.25,529.933,-30.790,234.991,13.00,550.441,549.859,2.563
1764.25,526.350,-30.880,241.003,13.00,550.347,549.773,2.528
1771.24,522.244,-30.950,246.671,13.00,550.274,549.706,2.502
1778.25,517.507,-31.000,251.829,13.00,550.225,549.655,2.511
1785.25,512.511,-31.040,256.735,13.00,550.185,549.615,2.511
1792.25,506.995,-31.060,261.044,13.00,550.175,549.585,2.599
1799.24,501.141,-31.070,264.866,13.00,550.163,549.577,2.581
1806.24,495.035,-31.050,268.283,13.00,550.185,549.595,2.599
1813.24,488.726,-31.020,271.322,13.00,550.208,549.632,2.537
1820.24,482.373,-30.970,274.261,13.00,550.259,549.681,2.546
1827.24,475.885,-30.890,276.897,13.00,550.339,549.761,2.546
1834.25,469.397,-30.800,279.532,13.00,550.435,549.845,2.599
1841.25,462.766,-30.680,281.773,13.00,550.565,549.955,2.687
1848.25,456.104,-30.540,283.931,13.00,550.719,550.081,2.810
1855.25,449.427,-30.380,286.029,13.00,550.891,550.229,2.915
1862.25,442.569,-30.200,287.446,13.00,551.078,550.402,2.977
1869.25,435.707,-29.990,288.839,13.00,551.286,550.614,2.959
1876.25,428.780,-29.760,289.869,13.00,551.511,550.849,2.915
1883.26,421.829,-29.500,290.704,13.00,551.765,551.115,2.862
1890.25,414.831,-29.220,290.818,13.00,552.044,551.396,2.854
1897.26,407.839,-28.910,290.463,13.00,552.346,551.714,2.783
1904.25,400.890,-28.580,289.669,13.00,552.669,552.051,2.722
1911.24,394.093,-28.240,288.040,13.00,553.001,552.399,2.651
1918.24,387.481,-27.860,285.738,13.00,553.37,552.79,2.555
1925.24,381.061,-27.470,282.943,13.00,553.74,553.2,2.379
1932.25,374.730,-27.050,279.951,13.00,554.141,553.639,2.211
1939.24,368.576,-26.620,276.618,13.00,554.559,554.081,2.106
1946.24,362.572,-26.180,273.022,13.00,554.998,554.522,2.097
1953.24,356.842,-25.720,269.003,13.00,555.456,554.984,2.079
1960.24,351.559,-25.270,264.409,13.00,555.909,555.431,2.106
1967.24,346.502,-24.830,259.574,13.00,556.352,555.868,2.132
1974.24,341.911,-24.390,254.286,13.00,556.794,556.306,2.150
1981.24,337.738,-23.970,248.665,13.00,557.206,556.734,2.079
1988.25,333.598,-23.570,243.017,13.00,557.589,557.151,1.930
1995.25,329.459,-23.180,237.369,13.00,557.96,557.56,1.762
2002.25,325.319,-22.810,231.721,13.00,558.306,557.954,1.551
2009.25,321.179,-22.450,226.073,13.00,558.633,558.347,1.260
2016.26,317.039,-22.100,220.425,13.00,558.943,558.737,0.908
2023.26,312.899,-21.760,214.777,13.00,559.244,559.116,0.564
2030.26,308.760,-21.440,209.129,13.00,559.525,559.475,0.220
2037.26,304.620,-21.130,203.482,13.00,559.794,559.826,-0.141
2044.27,300.480,-20.830,197.834,13.00,560.05,560.17,-0.529
2051.27,296.340,-20.540,192.186,13.00,560.299,560.501,-0.890
2058.27,292.201,-20.270,186.538,13.00,560.532,560.808,-1.216
2065.27,288.061,-20.010,180.890,13.00,560.755,561.105,-1.542
2072.28,283.921,-19.760,175.242,13.00,560.971,561.389,-1.842
2079.28,279.781,-19.530,169.594,13.00,561.165,561.655,-2.159
2086.28,275.641,-19.310,163.946,13.00,561.347,561.913,-2.493
2093.28,271.502,-19.100,158.298,13.00,561.516,562.164,-2.854
2100.29,267.362,-18.910,152.650,13.00,561.668,562.392,-3.188
2107.29,263.222,-18.740,147.003,13.00,561.806,562.594,-3.469
2114.29,259.082,-18.580,141.355,13.00,561.935,562.785,-3.741
2121.29,254.942,-18.450,135.707,13.00,562.042,562.938,-3.943
2128.30,250.803,-18.350,130.059,13.00,562.127,563.053,-4.074
2135.24,245.868,-18.280,125.178,13.00,562.192,563.128,-4.118
2142.21,239.657,-18.260,122.003,13.00,562.212,563.148,-4.118
2149.19,232.826,-18.280,120.578,13.00,562.198,563.122,-4.066
2156.16,225.861,-18.340,120.554,13.00,562.154,563.046,-3.925
2163.11,219.200,-18.430,122.555,13.00,562.077,562.943,-3.811
2170.09,213.332,-18.540,126.340,13.00,561.974,562.826,-3.750
2177.07,208.283,-18.670,131.153,13.00,561.834,562.706,-3.837
2184.07,203.904,-18.810,136.614,13.00,561.685,562.575,-3.916
2191.07,199.770,-18.940,142.266,13.00,561.546,562.454,-3.995
2198.07,196.154,-19.070,148.257,13.00,561.414,562.326,-4.013
2205.07,192.634,-19.190,154.311,13.00,561.291,562.209,-4.039
2212.07,189.314,-19.310,160.467,13.00,561.167,562.093,-4.074
2219.07,186.436,-19.430,166.851,13.00,561.043,561.977,-4.109
2226.07,183.708,-19.540,173.293,13.00,560.931,561.869,-4.127
2233.07,181.514,-19.660,179.943,13.00,560.815,561.745,-4.092
2240.07,179.320,-19.780,186.593,13.00,560.7,561.62,-4.048
2247.07,177.865,-19.900,193.443,13.00,560.583,561.497,-4.022
2254.08,176.411,-20.020,200.293,13.00,560.46,561.38,-4.048
2261.08,175.363,-20.140,207.214,13.00,560.34,561.26,-4.048
2268.08,174.445,-20.260,214.155,13.00,560.222,561.138,-4.030
2275.08,173.949,-20.380,221.140,13.00,560.101,561.019,-4.039
2282.08,173.454,-20.490,228.125,13.00,559.987,560.913,-4.074
2289.08,173.458,-20.600,235.126,13.00,559.874,560.806,-4.101
2296.09,173.499,-20.720,242.129,13.00,559.755,560.685,-4.092
2303.09,173.891,-20.830,249.117,13.00,559.661,560.559,-3.952
2310.09,174.414,-20.950,256.100,13.00,559.573,560.407,-3.671
2317.09,175.001,-21.070,263.077,13.00,559.498,560.242,-3.276
2324.09,175.852,-21.200,270.028,13.00,559.416,560.064,-2.854
2331.10,176.702,-21.320,276.978,13.00,559.341,559.899,-2.458
2338.10,177.553,-21.450,283.929,13.00,559.253,559.727,-2.088
2345.10,178.403,-21.590,290.880,13.00,559.153,559.547,-1.736
2352.10,179.254,-21.720,297.831,13.00,559.065,559.375,-1.366
2359.11,180.104,-21.860,304.781,13.00,558.971,559.189,-0.961
2366.11,180.955,-22.000,311.732,13.00,558.879,559.001,-0.538
2373.11,181.805,-22.140,318.683,13.00,558.785,558.815,-0.132
2380.11,182.656,-22.280,325.634,13.00,558.688,558.632,0.247
2387.12,183.506,-22.420,332.584,13.00,558.59,558.45,0.617
2394.12,184.357,-22.560,339.535,13.00,558.49,558.27,0.970
2401.12,185.207,-22.700,346.486,13.00,558.377,558.103,1.207
2408.12,186.084,-22.840,353.434,13.00,558.242,557.958,1.251
2415.12,186.800,-22.980,360.396,13.00,558.084,557.836,1.093
2422.13,187.218,-23.120,367.386,13.00,557.924,557.716,0.917
2429.13,187.539,-23.260,374.381,13.00,557.766,557.594,0.758
2436.12,187.393,-23.410,381.376,13.00,557.612,557.448,0.723
2443.13,186.966,-23.550,388.364,13.00,557.471,557.309,0.714
2450.13,186.381,-23.700,395.342,13.00,557.327,557.153,0.767
2457.13,185.640,-23.850,402.305,13.00,557.193,556.987,0.908
2464.13,184.703,-24.000,409.245,13.00,557.054,556.826,1.005
2471.14,183.268,-24.160,416.099,13.00,556.896,556.664,1.022
2478.14,181.399,-24.330,422.846,13.00,556.711,556.509,0.890
2485.13,178.900,-24.500,429.382,13.00,556.533,556.347,0.820
2492.14,176.289,-24.670,435.880,13.00,556.368,556.172,0.864
2499.14,173.657,-24.850,442.369,13.00,556.202,555.978,0.987
2506.14,170.619,-25.040,448.677,13.00,556.022,555.778,1.075
2513.14,167.534,-25.230,454.963,13.00,555.834,555.586,1.093
2520.15,164.450,-25.430,461.250,13.00,555.627,555.393,1.031
2527.15,161.365,-25.630,467.537,13.00,555.424,555.196,1.005
2534.15,158.281,-25.840,473.823,13.00,555.211,554.989,0.978
2541.15,155.196,-26.060,480.110,13.00,554.992,554.768,0.987
2548.16,152.112,-26.280,486.397,13.00,554.767,554.553,0.943
2555.16,149.027,-26.510,492.683,13.00,554.535,554.325,0.925
2562.16,145.943,-26.750,498.970,13.00,554.301,554.079,0.978
2569.16,142.858,-26.990,505.257,13.00,554.076,553.824,1.111
2576.17,139.774,-27.250,511.543,13.00,553.831,553.549,1.243
2583.17,136.689,-27.500,517.830,13.00,553.583,553.297,1.260
2590.17,133.605,-27.770,524.117,13.00,553.311,553.029,1.243
2597.17,130.520,-28.040,530.404,13.00,553.028,552.772,1.128
2604.18,127.436,-28.310,536.690,13.00,552.763,552.497,1.172
2611.18,124.351,-28.600,542.977,13.00,552.477,552.203,1.207
2618.18,121.267,-28.890,549.264,13.00,552.197,551.903,1.296
2625.19,118.182,-29.190,555.550,13.00,551.894,551.606,1.269
2632.19,115.098,-29.490,561.837,13.00,551.586,551.314,1.199
2639.19,112.013,-29.800,568.124,13.00,551.28,551.0,1.234
2646.19,108.779,-30.110,574.334,13.00,550.976,550.684,1.287
2653.19,105.426,-30.440,580.478,13.00,550.655,550.345,1.366
2660.19,101.661,-30.770,586.382,13.00,550.324,550.016,1.357
2667.19,97.782,-31.100,592.208,13.00,549.992,549.688,1.340
2674.20,93.613,-31.450,597.834,13.00,549.639,549.341,1.313
2681.20,89.198,-31.790,603.265,13.00,549.296,549.004,1.287
2688.20,84.643,-32.140,608.585,13.00,548.949,548.651,1.313
2695.20,80.013,-32.490,613.838,13.00,548.598,548.302,1.304
2702.20,75.144,-32.830,618.866,13.00,548.261,547.959,1.331
2709.20,70.171,-33.170,623.796,13.00,547.915,547.625,1.278
2716.20,64.940,-33.500,628.443,13.00,547.585,547.295,1.278
2723.20,59.524,-33.820,632.877,13.00,547.262,546.978,1.251
2730.20,53.830,-34.120,636.954,13.00,546.967,546.673,1.296
2737.20,48.152,-34.410,641.053,13.00,546.681,546.379,1.331
2744.21,42.484,-34.670,645.165,13.00,546.422,546.118,1.340
2751.21,36.816,-34.920,649.276,13.00,546.169,545.871,1.313
2758.21,31.147,-35.150,653.388,13.00,545.938,545.642,1.304
2765.22,25.479,-35.360,657.499,13.00,545.734,545.426,1.357
2772.22,19.810,-35.560,661.611,13.00,545.537,545.223,1.384
2779.22,14.142,-35.730,665.723,13.00,545.368,545.052,1.392
2786.22,8.473,-35.900,669.834,13.00,545.195,544.885,1.366
2793.23,2.805,-36.040,673.946,13.00,545.054,544.746,1.357
2800.23,-2.863,-36.180,678.058,13.00,544.915,544.605,1.366
2807.23,-8.532,-36.290,682.169,13.00,544.802,544.498,1.340
2814.23,-14.200,-36.390,686.281,13.00,544.702,544.398,1.340
2821.24,-19.869,-36.480,690.392,13.00,544.612,544.308,1.340
2828.24,-25.537,-36.550,694.504,13.00,544.543,544.237,1.348
2835.24,-31.206,-36.600,698.616,13.00,544.496,544.184,1.375
2842.24,-36.874,-36.640,702.727,13.00,544.458,544.142,1.392
2849.25,-42.542,-36.650,706.839,13.00,544.45,544.13,1.410
2856.25,-48.211,-36.650,710.951,13.00,544.45,544.13,1.410
2863.25,-53.879,-36.640,715.062,13.00,544.454,544.146,1.357
2870.25,-59.548,-36.610,719.174,13.00,544.48,544.18,1.322
2877.26,-65.216,-36.560,723.285,13.00,544.527,544.233,1.296
2884.26,-70.885,-36.510,727.397,13.00,544.577,544.283,1.296
2891.26,-76.553,-36.450,731.509,13.00,544.64,544.34,1.322
2898.26,-82.222,-36.390,735.620,13.00,544.701,544.399,1.331
2905.27,-87.890,-36.320,739.732,13.00,544.772,544.468,1.340
2912.27,-93.558,-36.260,743.844,13.00,544.83,544.53,1.322
2919.27,-99.227,-36.190,747.955,13.00,544.899,544.601,1.313
2926.28,-104.895,-36.120,752.067,13.00,544.969,544.671,1.313
2933.28,-110.564,-36.050,756.178,13.00,545.04,544.74,1.322
2940.28,-116.232,-35.970,760.290,13.00,545.12,544.82,1.322
2947.28,-121.901,-35.880,764.402,13.00,545.212,544.908,1.340
2954.29,-127.569,-35.790,768.513,13.00,545.306,544.994,1.375
2961.29,-133.237,-35.680,772.625,13.00,545.421,545.099,1.419
2968.26,-139.238,-35.560,776.179,13.00,545.538,545.222,1.392
2975.19,-146.021,-35.440,777.584,13.00,545.658,545.342,1.392
2982.03,-152.591,-35.320,775.672,13.00,545.794,545.446,1.533
2988.89,-157.054,-35.200,770.460,13.00,545.955,545.525,1.894
2995.86,-159.165,-35.090,763.822,13.00,546.107,545.593,2.264
3002.85,-159.690,-34.980,756.856,13.00,546.244,545.676,2.502
3009.85,-159.795,-34.870,749.854,13.00,546.349,545.791,2.458
3016.85,-159.900,-34.750,742.852,13.00,546.43,545.95,2.115
3023.85,-160.005,-34.590,735.850,13.00,546.515,546.185,1.454
3030.81,-161.208,-34.400,728.997,13.00,546.61,546.47,0.617
3037.79,-164.284,-34.170,722.728,13.00,546.745,546.795,-0.220
3044.78,-168.504,-33.880,717.162,13.00,546.957,547.163,-0.908
3051.76,-174.357,-33.560,713.363,13.00,547.226,547.534,-1.357
3058.75,-180.905,-33.200,710.916,13.00,547.558,547.922,-1.604
3065.71,-187.855,-32.800,710.463,13.00,547.949,548.331,-1.683
3072.71,-194.767,-32.360,711.530,13.00,548.377,548.783,-1.789
3079.71,-201.610,-31.890,713.018,13.00,548.827,549.273,-1.965
3086.71,-208.298,-31.400,715.091,13.00,549.304,549.776,-2.079
3093.71,-215.039,-30.880,716.985,13.00,549.832,550.288,-2.009
3100.71,-221.926,-30.340,718.199,13.00,550.404,550.796,-1.727
3107.69,-228.885,-29.790,718.789,13.00,550.994,551.306,-1.375
3114.69,-235.888,-29.230,718.735,13.00,551.599,551.821,-0.978
3121.68,-242.861,-28.670,718.265,13.00,552.21,552.33,-0.529
3128.68,-249.745,-28.110,717.015,13.00,552.838,552.822,0.071
3135.64,-256.391,-27.550,714.947,13.00,553.471,553.309,0.714
3142.64,-262.569,-26.990,711.650,13.00,554.089,553.811,1.225
3149.64,-268.747,-26.420,708.354,13.00,554.679,554.361,1.401
3156.65,-274.925,-25.850,705.057,13.00,555.245,554.935,1.366
3163.65,-281.103,-25.290,701.761,13.00,555.795,555.505,1.278
3170.65,-287.281,-24.720,698.465,13.00,556.359,556.081,1.225
3177.65,-293.460,-24.150,695.168,13.00,556.925,556.655,1.190
3184.66,-299.638,-23.590,691.872,13.00,557.486,557.214,1.199
3191.65,-305.729,-23.020,688.432,13.00,558.065,557.775,1.278
3198.65,-311.516,-22.460,684.489,13.00,558.635,558.325,1.366
3205.65,-317.124,-21.900,680.304,13.00,559.197,558.883,1.384
3212.65,-322.578,-21.340,675.912,13.00,559.752,559.448,1.340
3219.66,-328.023,-20.790,671.509,13.00,560.298,560.002,1.304
3226.66,-333.260,-20.250,666.861,13.00,560.842,560.538,1.340
3233.66,-338.475,-19.720,662.188,13.00,561.381,561.059,1.419
3240.66,-343.480,-19.210,657.291,13.00,561.902,561.558,1.516
3247.66,-348.291,-18.730,652.211,13.00,562.389,562.031,1.577
3254.66,-352.797,-18.280,646.852,13.00,562.843,562.477,1.613
3261.64,-356.669,-17.870,641.049,13.00,563.263,562.877,1.701
3268.62,-359.182,-17.510,634.532,13.00,563.632,563.228,1.780
3275.61,-360.454,-17.180,627.660,13.00,563.971,563.549,1.859
3282.60,-360.622,-16.880,620.675,13.00,564.271,563.849,1.859
3289.58,-359.608,-16.630,613.763,13.00,564.517,564.103,1.824
3296.58,-357.527,-16.410,607.088,13.00,564.72,564.34,1.674
3303.57,-354.561,-16.220,600.759,13.00,564.884,564.556,1.445
3310.56,-350.639,-16.060,594.970,13.00,565.012,564.748,1.163
3317.56,-345.923,-15.940,589.799,13.00,565.099,564.901,0.873
3324.56,-340.549,-15.850,585.314,13.00,565.143,565.037,0.467
3331.56,-334.727,-15.800,581.424,13.00,565.151,565.129,0.097
3338.56,-328.807,-15.780,577.684,13.00,565.135,565.185,-0.220
3345.56,-322.735,-15.790,574.204,13.00,565.099,565.201,-0.450
3352.56,-316.498,-15.830,571.024,13.00,565.027,565.193,-0.732
3359.56,-310.191,-15.890,567.981,13.00,564.937,565.163,-0.996
3366.57,-303.943,-15.950,564.819,13.00,564.848,565.132,-1.251
3373.57,-297.709,-16.030,561.629,13.00,564.746,565.074,-1.445
3380.57,-291.640,-16.100,558.136,13.00,564.647,565.033,-1.701
3387.57,-285.785,-16.160,554.308,13.00,564.564,564.996,-1.903
3394.57,-280.055,-16.200,550.281,13.00,564.5,564.98,-2.115
3401.56,-274.424,-16.230,546.131,13.00,564.45,564.97,-2.291
3408.57,-269.192,-16.240,541.477,13.00,564.417,564.983,-2.493
3415.57,-263.960,-16.220,536.823,13.00,564.416,565.024,-2.678
3422.57,-259.320,-16.170,531.579,13.00,564.449,565.091,-2.827
3429.56,-255.246,-16.100,525.906,13.00,564.509,565.171,-2.915
3436.55,-251.711,-16.000,519.871,13.00,564.593,565.287,-3.056
3443.55,-248.697,-15.870,513.554,13.00,564.706,565.434,-3.205
3450.54,-246.166,-15.710,507.034,13.00,564.852,565.608,-3.328
3457.55,-244.236,-15.520,500.302,13.00,565.028,565.812,-3.451
3464.55,-243.423,-15.300,493.347,13.00,565.235,566.045,-3.565
3471.54,-243.190,-15.060,486.355,13.00,565.456,566.304,-3.732
3478.54,-243.332,-14.780,479.360,13.00,565.729,566.591,-3.794
3485.54,-243.941,-14.460,472.387,13.00,566.05,566.91,-3.785
3492.54,-245.048,-14.110,465.473,13.00,566.417,567.243,-3.636
3499.54,-246.769,-13.720,458.692,13.00,566.836,567.604,-3.381
3506.54,-248.742,-13.280,451.976,13.00,567.307,568.013,-3.109
3513.54,-251.107,-12.820,445.385,13.00,567.796,568.444,-2.854
3520.54,-254.277,-12.330,439.147,13.00,568.316,568.904,-2.590
3527.54,-257.777,-11.820,433.085,13.00,568.869,569.371,-2.211
3534.54,-261.398,-11.310,427.091,13.00,569.414,569.846,-1.903
3541.54,-265.204,-10.820,421.214,13.00,569.941,570.299,-1.577
3548.54,-269.359,-10.350,415.585,13.00,570.439,570.741,-1.331
3555.52,-273.985,-9.940,410.353,13.00,570.866,571.134,-1.181
3562.48,-279.765,-9.580,406.476,13.00,571.223,571.497,-1.207
3569.43,-286.570,-9.280,405.075,13.00,571.51,571.81,-1.322
3576.42,-293.558,-9.040,405.277,13.00,571.743,572.057,-1.384
3583.37,-299.991,-8.870,407.907,13.00,571.911,572.229,-1.401
3590.37,-305.753,-8.760,411.871,13.00,572.029,572.331,-1.331
3597.36,-310.628,-8.710,416.894,13.00,572.098,572.362,-1.163
3604.37,-315.314,-8.700,422.097,13.00,572.132,572.348,-0.952
3611.37,-320.000,-8.750,427.301,13.00,572.105,572.275,-0.749
3618.37,-324.687,-8.820,432.505,13.00,572.057,572.183,-0.555
3625.38,-329.373,-8.920,437.708,13.00,571.993,572.047,-0.238
3632.38,-334.059,-9.040,442.912,13.00,571.915,571.885,0.132
3639.38,-338.745,-9.150,448.115,13.00,571.848,571.732,0.511
3646.38,-343.431,-9.260,453.319,13.00,571.77,571.59,0.793
3653.39,-348.117,-9.360,458.523,13.00,571.696,571.464,1.022
3660.39,-352.803,-9.430,463.726,13.00,571.649,571.371,1.225
3667.39,-357.489,-9.490,468.930,13.00,571.606,571.294,1.375
3674.39,-362.422,-9.510,473.899,13.00,571.595,571.265,1.454
3681.39,-367.635,-9.500,478.564,13.00,571.607,571.273,1.472
3688.39,-373.026,-9.460,483.033,13.00,571.642,571.318,1.428
3695.39,-378.523,-9.390,487.371,13.00,571.706,571.394,1.375
3702.40,-384.004,-9.290,491.728,13.00,571.801,571.499,1.331
3709.40,-389.446,-9.150,496.136,13.00,571.943,571.637,1.348
3716.39,-395.175,-8.970,500.149,13.00,572.127,571.813,1.384
3723.40,-401.035,-8.770,503.983,13.00,572.328,572.012,1.392
3730.40,-407.027,-8.530,507.603,13.00,572.57,572.25,1.410
3737.40,-413.075,-8.250,511.133,13.00,572.853,572.527,1.437
3744.40,-419.291,-7.950,514.357,13.00,573.163,572.817,1.525
3751.40,-425.742,-7.610,517.058,13.00,573.512,573.148,1.604
3758.39,-432.362,-7.240,519.331,13.00,573.9,573.5,1.762
3765.38,-439.124,-6.830,521.074,13.00,574.335,573.885,1.983
3772.36,-446.085,-6.400,521.654,13.00,574.799,574.281,2.282
3779.36,-453.084,-5.930,521.493,13.00,575.291,574.729,2.475
3786.36,-460.062,-5.420,520.925,13.00,575.814,575.226,2.590
3793.36,-466.981,-4.890,519.891,13.00,576.348,575.752,2.625
3800.36,-473.795,-4.340,518.284,13.00,576.909,576.291,2.722
3807.36,-480.502,-3.770,516.268,13.00,577.494,576.846,2.854
3814.36,-487.004,-3.210,513.695,13.00,578.08,577.38,3.082
3821.34,-493.192,-2.660,510.464,13.00,578.653,577.907,3.284
3828.31,-498.658,-2.140,506.129,13.00,579.191,578.409,3.442
3835.28,-503.148,-1.650,500.799,13.00,579.682,578.898,3.451
3842.26,-506.443,-1.220,494.654,13.00,580.112,579.328,3.451
3849.25,-508.659,-0.830,488.026,13.00,580.501,579.719,3.442
3856.24,-509.527,-0.500,481.089,13.00,580.83,580.05,3.434
3863.22,-508.965,-0.220,474.129,13.00,581.111,580.329,3.442
3870.21,-507.148,0.010,467.375,13.00,581.34,580.56,3.434
3877.18,-503.829,0.180,461.245,13.00,581.51,580.73,3.434
3884.15,-499.586,0.300,455.717,13.00,581.623,580.857,3.372
3891.16,-494.180,0.380,451.266,13.00,581.663,580.977,3.021
3898.16,-488.717,0.430,446.885,13.00,581.695,581.045,2.862
3905.16,-483.254,0.450,442.504,13.00,581.691,581.089,2.651
3912.16,-477.791,0.450,438.123,13.00,581.698,581.082,2.713
3919.17,-472.329,0.430,433.741,13.00,581.658,581.082,2.537
3926.17,-466.866,0.410,429.360,13.00,581.622,581.078,2.396
3933.17,-461.403,0.390,424.979,13.00,581.583,581.077,2.229
3940.17,-455.940,0.370,420.598,13.00,581.544,581.076,2.062
3947.18,-450.478,0.340,416.216,13.00,581.495,581.065,1.894
3954.18,-445.015,0.320,411.835,13.00,581.464,581.056,1.798
3961.18,-439.552,0.300,407.454,13.00,581.444,581.036,1.798
3968.18,-434.089,0.280,403.073,13.00,581.431,581.009,1.859
3975.19,-428.627,0.270,398.692,13.00,581.428,580.992,1.921
3982.19,-423.164,0.250,394.310,13.00,581.41,580.97,1.939
3989.19,-417.701,0.240,389.929,13.00,581.399,580.961,1.930
3996.19,-412.238,0.230,385.548,13.00,581.39,580.95,1.939
4003.20,-406.776,0.210,381.167,13.00,581.371,580.929,1.947
4010.20,-401.313,0.200,376.786,13.00,581.36,580.92,1.939
4017.20,-395.850,0.190,372.404,13.00,581.349,580.911,1.930
4024.20,-390.387,0.170,368.023,13.00,581.333,580.887,1.965
4031.21,-384.925,0.160,363.642,13.00,581.327,580.873,2.000
4038.21,-379.462,0.140,359.261,13.00,581.309,580.851,2.018
4045.21,-373.999,0.130,354.880,13.00,581.296,580.844,1.991
4052.22,-368.536,0.120,350.498,13.00,581.284,580.836,1.974
4059.22,-363.074,0.110,346.117,13.00,581.264,580.836,1.886
4066.22,-357.611,0.100,341.736,13.00,581.24,580.84,1.762
4073.22,-352.148,0.090,337.355,13.00,581.223,580.837,1.701
4080.23,-346.685,0.070,332.973,13.00,581.221,580.799,1.859
4087.23,-341.223,0.060,328.592,13.00,581.227,580.773,2.000
4094.23,-335.760,0.050,324.211,13.00,581.228,580.752,2.097
4101.23,-330.297,0.040,319.830,13.00,581.216,580.744,2.079
4108.24,-324.835,0.040,315.448,13.00,581.211,580.749,2.035
4115.24,-319.376,0.030,311.063,13.00,581.188,580.752,1.921
4122.24,-313.917,0.020,306.677,13.00,581.163,580.757,1.789
4129.24,-308.458,0.020,302.291,13.00,581.155,580.765,1.718
4136.25,-302.998,0.010,297.905,13.00,581.148,580.752,1.745
4143.25,-297.539,0.010,293.519,13.00,581.153,580.747,1.789
4150.25,-292.080,0.000,289.134,13.00,581.149,580.731,1.842
4157.25,-286.621,0.000,284.748,13.00,581.15,580.73,1.850
4164.26,-281.162,0.000,280.362,13.00,581.149,580.731,1.842
4171.26,-275.703,0.000,275.976,13.00,581.145,580.735,1.806
4178.26,-270.244,0.000,271.591,13.00,581.141,580.739,1.771
4185.26,-264.785,0.000,267.205,13.00,581.138,580.742,1.745
4192.27,-259.326,0.000,262.819,13.00,581.142,580.738,1.780
4199.27,-253.867,0.000,258.433,13.00,581.139,580.741,1.754
4206.27,-248.408,0.000,254.048,13.00,581.139,580.741,1.754
4213.28,-242.949,0.000,249.662,13.00,581.134,580.746,1.710
4220.28,-237.489,0.000,245.276,13.00,581.14,580.74,1.762
4227.28,-232.030,-0.010,240.890,13.00,581.131,580.729,1.771
4234.28,-226.571,-0.010,236.504,13.00,581.133,580.727,1.789
4241.29,-221.112,-0.010,232.119,13.00,581.128,580.732,1.745
4248.29,-215.653,-0.010,227.733,13.00,581.127,580.733,1.736
4255.29,-210.194,-0.010,223.347,13.00,581.129,580.731,1.754
4262.29,-204.735,-0.010,218.961,13.00,581.131,580.729,1.771
4269.30,-199.276,-0.010,214.576,13.00,581.132,580.728,1.780
4276.30,-193.817,-0.010,210.190,13.00,581.128,580.732,1.745
4283.30,-188.358,-0.010,205.804,13.00,581.122,580.738,1.692
4290.30,-182.899,-0.010,201.418,13.00,581.12,580.74,1.674
4297.31,-177.440,-0.010,197.033,13.00,581.114,580.746,1.621
4304.31,-171.981,-0.010,192.647,13.00,581.121,580.739,1.683
4311.31,-166.521,-0.010,188.261,13.00,581.122,580.738,1.692
4318.31,-161.062,-0.010,183.875,13.00,581.128,580.732,1.745
4325.32,-155.603,-0.010,179.489,13.00,581.127,580.733,1.736
4332.32,-150.144,-0.010,175.104,13.00,581.128,580.732,1.745
4339.32,-144.685,-0.010,170.718,13.00,581.123,580.737,1.701
4346.33,-139.226,-0.010,166.332,13.00,581.115,580.745,1.630
4353.33,-133.767,-0.010,161.946,13.00,581.108,580.752,1.569
4360.33,-128.308,-0.010,157.561,13.00,581.109,580.751,1.577
4367.33,-122.849,-0.010,153.175,13.00,581.114,580.746,1.621
4374.34,-117.390,-0.010,148.789,13.00,581.115,580.745,1.630
4381.34,-111.931,0.000,144.403,13.00,581.126,580.754,1.639
4388.34,-106.472,0.000,140.017,13.00,581.122,580.758,1.604
4395.34,-101.012,0.000,135.632,13.00,581.119,580.761,1.577
4402.35,-95.553,0.000,131.246,13.00,581.116,580.764,1.551
4409.35,-90.094,0.000,126.860,13.00,581.118,580.762,1.569
4416.35,-84.635,0.000,122.474,13.00,581.12,580.76,1.586
4423.35,-79.176,0.000,118.089,13.00,581.122,580.758,1.604
4430.36,-73.717,0.000,113.703,13.00,581.123,580.757,1.613
4437.36,-68.258,0.000,109.317,13.00,581.127,580.753,1.648
4444.36,-62.799,0.000,104.931,13.00,581.127,580.753,1.648
4451.36,-57.340,0.000,100.546,13.00,581.125,580.755,1.630
4458.37,-51.881,0.000,96.160,13.00,581.121,580.759,1.595
4465.37,-46.422,0.000,91.774,13.00,581.12,580.76,1.586
4472.37,-40.963,0.000,87.388,13.00,581.118,580.762,1.569
4479.37,-35.503,0.000,83.002,13.00,581.12,580.76,1.586
4486.38,-30.044,0.000,78.617,13.00,581.123,580.757,1.613
4493.38,-24.585,0.000,74.231,13.00,581.127,580.753,1.648
4500.38,-19.126,0.000,69.845,13.00,581.121,580.759,1.595
4507.39,-13.667,0.000,65.459,13.00,581.112,580.768,1.516
4514.39,-8.208,0.000,61.074,13.00,581.11,580.77,1.498
4521.39,-2.749,0.000,56.688,13.00,581.123,580.757,1.613
4528.39,2.710,0.000,52.302,13.00,581.135,580.745,1.718
4535.40,8.169,0.000,47.916,13.00,581.14,580.74,1.762
4542.40,13.628,0.010,43.531,13.00,581.141,580.759,1.683
4549.40,19.087,0.010,39.145,13.00,581.142,580.758,1.692
4556.40,24.546,0.010,34.759,13.00,581.14,580.76,1.674
