dist,lat,lng,gsi_m,new_m,new_minus_gsi,hsrc
0.0000,35.3714,138.9259,580.9000,580.9357,0.0357,1m（レーザ）
238.0900,35.3727,138.9279,580.9000,580.9381,0.0381,1m（レーザ）
476.1800,35.3741,138.9300,580.8000,580.7751,-0.0249,1m（レーザ）
721.2700,35.3754,138.9321,579.0000,579.0452,0.0452,1m（レーザ）
959.1200,35.3759,138.9338,572.2000,572.1874,-0.0126,1m（レーザ）
1197.1900,35.3740,138.9327,559.6000,559.5545,-0.0455,1m（レーザ）
1435.2800,35.3723,138.9311,561.6000,561.5815,-0.0185,1m（レーザ）
1673.2400,35.3703,138.9317,553.1000,553.0187,-0.0813,1m（レーザ）
1918.2400,35.3691,138.9299,553.0000,553.0059,0.0059,1m（レーザ）
2156.1600,35.3706,138.9281,562.7000,562.7384,0.0384,1m（レーザ）
2394.1200,35.3686,138.9276,558.4000,558.3800,-0.0200,1m（レーザ）
2632.1900,35.3667,138.9269,551.4000,551.4543,0.0543,1m（レーザ）
2877.2600,35.3652,138.9249,544.4000,544.3458,-0.0542,1m（レーザ）
3114.6900,35.3652,138.9230,551.7000,551.7139,0.0139,1m（レーザ）
3352.5600,35.3666,138.9221,565.2000,565.1640,-0.0360,1m（レーザ）
3590.3700,35.3680,138.9222,572.4000,572.3553,-0.0447,1m（レーザ）
3828.3100,35.3672,138.9201,578.9000,578.9532,0.0532,1m（レーザ）
4073.2200,35.3687,138.9217,581.0000,581.0324,0.0324,1m（レーザ）
4311.3100,35.3700,138.9238,580.9000,580.9267,0.0267,1m（レーザ）
4549.4000,35.3713,138.9258,581.0000,580.9699,-0.0301,1m（レーザ）
