dist,epqs_m,new_terrain_m,new_minus_epqs
0.00,195.587,195.622,0.035
7.00,195.647,195.661,0.014
14.00,195.661,195.685,0.024
21.00,195.708,195.718,0.010
28.00,195.728,195.731,0.003
35.00,195.747,195.758,0.012
42.00,195.792,195.789,-0.004
49.00,195.814,195.834,0.019
56.00,195.859,195.862,0.003
63.00,195.879,195.889,0.010
70.01,195.913,195.934,0.021
77.01,195.965,195.964,-0.000
84.01,196.011,196.003,-0.008
91.01,195.997,196.003,0.006
98.01,195.995,196.000,0.004
105.01,195.968,195.971,0.003
112.01,195.909,195.898,-0.011
119.01,195.789,195.793,0.004
126.01,195.660,195.657,-0.003
133.01,195.505,195.495,-0.010
140.01,195.316,195.316,-0.001
147.02,195.106,195.091,-0.015
154.02,194.890,194.843,-0.046
161.02,194.570,194.539,-0.031
168.02,194.252,194.187,-0.065
175.02,193.850,193.780,-0.070
182.03,193.444,193.343,-0.101
189.02,193.022,192.900,-0.122
195.99,192.503,192.451,-0.051
202.91,192.126,192.030,-0.097
209.75,191.706,191.631,-0.075
216.60,191.301,191.224,-0.077
223.42,190.864,190.827,-0.037
230.31,190.545,190.488,-0.057
237.31,190.248,190.272,0.024
244.40,190.119,190.108,-0.010
251.51,190.000,190.011,0.011
258.59,189.947,189.949,0.002
265.66,189.971,189.979,0.009
272.72,190.022,190.066,0.044
279.76,190.201,190.245,0.044
286.77,190.470,190.536,0.066
293.77,190.864,190.908,0.044
300.77,191.304,191.402,0.098
307.78,191.864,191.953,0.089
314.79,192.440,192.556,0.116
321.76,193.051,193.139,0.088
328.71,193.615,193.710,0.095
335.66,194.195,194.275,0.080
342.57,194.770,194.820,0.050
349.37,195.318,195.354,0.035
356.14,195.754,195.803,0.049
362.97,196.163,196.243,0.080
369.84,196.534,196.632,0.098
376.49,196.874,196.967,0.093
383.14,197.132,197.183,0.051
389.88,197.359,197.370,0.011
396.62,197.342,197.451,0.109
403.38,197.447,197.464,0.017
410.12,197.312,197.356,0.045
417.01,197.046,197.066,0.020
423.99,196.746,196.775,0.029
430.93,196.324,196.369,0.045
437.92,195.741,195.859,0.118
444.92,195.274,195.303,0.030
451.91,194.654,194.748,0.094
458.88,193.973,194.128,0.155
465.87,193.361,193.460,0.099
472.87,192.594,192.785,0.191
479.85,191.912,192.087,0.176
486.85,191.261,191.395,0.134
493.82,190.493,190.705,0.212
500.82,189.853,190.014,0.161
507.82,189.150,189.312,0.162
514.79,188.531,188.639,0.109
521.79,187.821,187.915,0.094
528.78,187.043,187.206,0.163
535.76,186.395,186.532,0.137
542.76,185.858,185.930,0.072
549.76,185.206,185.379,0.172
556.82,184.787,184.879,0.093
563.94,184.447,184.461,0.015
571.09,184.054,184.095,0.041
578.20,183.744,183.808,0.065
585.26,183.538,183.574,0.036
592.30,183.313,183.382,0.069
599.33,183.141,183.176,0.035
606.33,182.985,183.013,0.027
613.35,182.976,182.980,0.004
620.43,183.116,183.107,-0.009
627.51,183.408,183.374,-0.034
634.55,183.830,183.773,-0.057
641.59,184.388,184.292,-0.096
648.63,185.112,184.958,-0.154
655.65,185.962,185.750,-0.212
662.67,186.777,186.676,-0.101
669.69,187.777,187.640,-0.138
676.68,188.729,188.563,-0.167
683.66,189.625,189.429,-0.196
690.60,190.324,190.194,-0.131
697.46,190.910,190.842,-0.068
704.27,191.414,191.357,-0.057
711.07,191.835,191.779,-0.056
717.97,192.177,192.088,-0.089
724.93,192.391,192.351,-0.041
731.89,192.592,192.527,-0.065
738.90,192.754,192.693,-0.061
745.91,192.877,192.838,-0.039
752.91,193.014,192.985,-0.029
759.91,193.164,193.140,-0.024
766.91,193.313,193.294,-0.020
773.91,193.490,193.447,-0.043
780.91,193.619,193.601,-0.017
787.91,193.743,193.724,-0.019
794.91,193.866,193.863,-0.003
801.91,194.012,194.012,-0.001
808.91,194.152,194.147,-0.006
815.91,194.316,194.308,-0.008
822.91,194.434,194.440,0.006
829.91,194.597,194.594,-0.002
836.91,194.724,194.718,-0.006
843.91,194.851,194.857,0.006
850.92,195.024,195.007,-0.017
857.92,195.171,195.147,-0.024
864.92,195.310,195.299,-0.011
871.92,195.428,195.418,-0.010
878.92,195.562,195.556,-0.006
885.92,195.662,195.673,0.011
892.92,195.767,195.775,0.007
899.92,195.887,195.879,-0.009
906.92,195.995,195.991,-0.003
913.93,196.088,196.090,0.002
920.93,196.171,196.169,-0.002
927.94,196.262,196.265,0.003
934.95,196.342,196.347,0.005
941.96,196.423,196.433,0.011
948.96,196.512,196.502,-0.010
955.97,196.548,196.566,0.018
962.97,196.597,196.610,0.013
969.97,196.620,196.639,0.020
976.98,196.634,196.658,0.024
983.98,196.636,196.637,0.002
990.98,196.571,196.591,0.020
997.98,196.502,196.512,0.010
1004.98,196.367,196.382,0.015
1011.98,196.203,196.215,0.011
1018.98,196.003,196.016,0.013
1025.98,195.763,195.786,0.024
1032.98,195.513,195.533,0.019
1039.97,195.212,195.245,0.032
1046.96,194.912,194.944,0.032
1053.98,194.553,194.596,0.043
1060.99,194.208,194.254,0.046
1068.01,193.829,193.901,0.072
1075.03,193.514,193.540,0.026
1082.07,193.114,193.170,0.057
1089.09,192.791,192.827,0.036
1095.90,192.478,192.510,0.032
1102.43,192.117,192.190,0.073
1108.89,191.817,191.868,0.051
1115.06,191.506,191.562,0.056
1120.79,191.274,191.311,0.037
1126.77,191.134,191.131,-0.002
1132.65,191.025,191.020,-0.005
1138.59,190.966,190.953,-0.013
1144.90,190.966,190.969,0.003
1151.34,191.083,191.064,-0.019
1158.03,191.218,191.190,-0.029
1164.81,191.446,191.418,-0.028
1171.61,191.636,191.651,0.015
1178.44,191.876,191.881,0.005
1185.41,192.058,192.082,0.024
1192.42,192.288,192.309,0.021
1199.43,192.521,192.521,-0.001
1206.43,192.736,192.738,0.001
1213.44,192.956,192.950,-0.006
1220.44,193.151,193.162,0.011
1227.44,193.369,193.370,0.001
1234.44,193.571,193.565,-0.007
1241.45,193.731,193.729,-0.002
1248.45,193.881,193.888,0.007
1255.46,194.062,194.060,-0.002
1262.46,194.242,194.257,0.015
1269.46,194.442,194.433,-0.009
1276.46,194.544,194.548,0.004
1283.45,194.640,194.619,-0.021
1290.45,194.671,194.647,-0.024
1297.45,194.673,194.648,-0.025
1304.44,194.633,194.609,-0.023
1311.42,194.566,194.545,-0.021
1318.40,194.474,194.446,-0.027
1325.37,194.328,194.308,-0.020
1332.37,194.147,194.130,-0.017
1339.37,193.947,193.925,-0.023
1346.37,193.785,193.739,-0.045
1353.37,193.572,193.539,-0.033
1360.37,193.345,193.337,-0.008
1367.37,193.173,193.133,-0.040
1374.37,192.943,192.923,-0.020
1381.37,192.763,192.724,-0.039
1388.37,192.561,192.540,-0.021
1395.37,192.384,192.361,-0.023
1402.37,192.204,192.194,-0.010
1409.37,192.084,192.058,-0.026
1416.37,191.962,191.944,-0.018
1423.37,191.856,191.847,-0.009
1430.37,191.777,191.758,-0.020
1437.37,191.697,191.671,-0.026
1444.38,191.632,191.625,-0.008
1451.38,191.590,191.579,-0.011
1458.38,191.566,191.562,-0.004
1465.38,191.572,191.575,0.003
1472.38,191.533,191.559,0.026
1479.38,191.586,191.578,-0.008
1486.38,191.626,191.627,0.001
1493.38,191.668,191.680,0.012
1500.38,191.743,191.758,0.015
1507.38,191.803,191.821,0.017
1514.39,191.884,191.892,0.008
1521.39,191.957,191.963,0.006
1528.39,192.029,192.051,0.022
1535.39,192.109,192.118,0.009
1542.39,192.163,192.188,0.025
1549.39,192.251,192.262,0.011
1556.39,192.285,192.314,0.029
1563.39,192.369,192.387,0.018
1570.39,192.437,192.432,-0.005
1577.40,192.480,192.496,0.016
1584.40,192.563,192.564,0.001
1591.40,192.630,192.638,0.008
1598.40,192.706,192.721,0.015
1605.40,192.801,192.804,0.003
1612.40,192.891,192.885,-0.005
1619.40,192.921,192.977,0.056
1626.40,193.015,193.018,0.003
1633.41,193.075,193.088,0.012
1640.42,193.120,193.144,0.024
1647.43,193.197,193.221,0.023
1654.45,193.278,193.286,0.008
1661.46,193.323,193.357,0.034
1668.47,193.398,193.429,0.031
1675.47,193.458,193.488,0.031
1682.47,193.518,193.535,0.017
1689.45,193.527,193.558,0.031
1696.39,193.527,193.562,0.035
1703.34,193.479,193.531,0.052
1710.26,193.426,193.469,0.043
1717.19,193.322,193.358,0.036
1724.22,193.204,193.238,0.034
1731.41,193.037,193.072,0.036
1738.76,192.834,192.878,0.044
1746.04,192.564,192.604,0.040
1753.06,192.273,192.304,0.030
1759.26,192.011,192.039,0.028
1764.71,191.651,191.741,0.090
1769.93,191.291,191.364,0.073
1775.65,190.933,190.965,0.032
1782.54,190.453,190.484,0.031
1790.04,189.980,189.974,-0.006
1797.67,189.376,189.460,0.084
1805.01,188.788,188.926,0.138
1812.00,188.249,188.375,0.126
1818.92,187.651,187.805,0.154
1825.90,187.054,187.178,0.124
1832.90,186.392,186.552,0.159
1839.90,185.872,186.000,0.128
1846.89,185.296,185.446,0.150
1853.89,184.918,184.968,0.050
1860.88,184.445,184.454,0.009
1867.88,183.970,183.988,0.017
1874.87,183.590,183.595,0.004
1881.88,183.250,183.286,0.036
1888.89,182.997,183.013,0.016
1895.95,182.753,182.726,-0.027
1903.01,182.515,182.442,-0.073
1910.09,182.231,182.222,-0.009
1917.16,182.072,182.007,-0.065
1924.16,181.908,181.861,-0.047
1931.16,181.808,181.773,-0.035
1938.16,181.713,181.704,-0.009
1945.17,181.685,181.655,-0.030
1952.18,181.645,181.628,-0.017
1959.19,181.642,181.634,-0.008
1966.20,181.669,181.654,-0.015
1973.21,181.707,181.697,-0.009
1980.21,181.756,181.750,-0.006
1987.21,181.837,181.818,-0.020
1994.21,181.897,181.892,-0.005
2001.21,181.990,181.953,-0.037
2008.21,182.044,182.028,-0.016
2015.21,182.104,182.113,0.009
2022.22,182.202,182.196,-0.007
2029.22,182.290,182.272,-0.018
2036.22,182.365,182.345,-0.020
2043.23,182.425,182.409,-0.016
2050.24,182.505,182.484,-0.021
2057.26,182.588,182.558,-0.030
2064.28,182.640,182.624,-0.016
2071.30,182.720,182.695,-0.024
2078.31,182.791,182.780,-0.011
2085.32,182.912,182.900,-0.013
2092.33,183.040,183.025,-0.015
2099.33,183.202,183.162,-0.040
2106.33,183.385,183.345,-0.040
2113.33,183.589,183.538,-0.051
2120.34,183.764,183.732,-0.032
2127.37,183.976,183.956,-0.020
2134.36,184.176,184.183,0.007
2141.30,184.436,184.416,-0.020
2148.27,184.700,184.677,-0.023
2155.30,184.950,184.934,-0.015
2162.32,185.270,185.211,-0.058
2169.31,185.556,185.519,-0.037
2176.24,185.843,185.833,-0.010
2183.14,186.140,186.139,-0.001
2190.02,186.497,186.473,-0.023
2196.85,186.816,186.792,-0.024
2203.73,187.178,187.123,-0.055
2210.70,187.498,187.469,-0.029
2217.69,187.869,187.819,-0.051
2224.72,188.190,188.138,-0.052
2231.74,188.476,188.436,-0.041
2238.73,188.759,188.701,-0.057
2245.62,188.983,188.944,-0.039
2252.46,189.224,189.188,-0.035
2259.33,189.474,189.418,-0.056
2265.67,189.690,189.644,-0.045
2271.93,189.848,189.814,-0.034
2278.65,190.046,190.011,-0.035
2285.44,190.240,190.203,-0.036
2292.31,190.412,190.370,-0.042
2299.30,190.584,190.543,-0.040
2306.32,190.735,190.698,-0.038
2313.34,190.825,190.825,-0.000
2320.34,190.966,190.961,-0.005
2327.34,191.118,191.097,-0.020
2334.34,191.258,191.237,-0.021
2341.35,191.391,191.394,0.003
2348.35,191.544,191.524,-0.019
2355.35,191.689,191.669,-0.020
2362.35,191.811,191.793,-0.018
2369.35,191.951,191.929,-0.022
2376.35,192.081,192.054,-0.027
2383.35,192.202,192.185,-0.017
2390.35,192.322,192.306,-0.016
2397.36,192.431,192.418,-0.013
2404.36,192.552,192.534,-0.018
2411.36,192.653,192.649,-0.004
2418.36,192.798,192.768,-0.030
2425.36,192.900,192.886,-0.015
2432.36,192.987,193.000,0.012
2439.36,193.127,193.119,-0.008
2446.36,193.224,193.228,0.004
2453.36,193.330,193.324,-0.006
2460.37,193.383,193.410,0.027
2467.37,193.492,193.496,0.005
2474.38,193.572,193.583,0.012
2481.39,193.682,193.677,-0.005
2488.40,193.776,193.779,0.003
2495.42,193.856,193.854,-0.002
2502.43,193.913,193.925,0.012
2509.45,193.988,193.991,0.003
2516.46,194.068,194.052,-0.016
2523.47,194.118,194.133,0.015
2530.48,194.200,194.213,0.013
2537.49,194.273,194.277,0.004
2544.47,194.353,194.341,-0.011
2551.45,194.421,194.415,-0.006
2558.45,194.478,194.486,0.008
2565.45,194.553,194.549,-0.004
2572.45,194.606,194.608,0.002
2579.45,194.691,194.683,-0.009
2586.45,194.751,194.762,0.010
2593.45,194.835,194.833,-0.002
2600.45,194.909,194.922,0.014
2607.46,194.976,194.992,0.016
2614.47,195.058,195.051,-0.007
2621.49,195.138,195.116,-0.022
2628.53,195.182,195.194,0.013
2635.55,195.240,195.248,0.008
2642.57,195.266,195.291,0.024
2649.59,195.257,195.285,0.028
2656.60,195.266,195.274,0.009
2663.63,195.204,195.246,0.042
2670.64,195.118,195.166,0.049
2677.57,195.011,195.058,0.047
2684.42,194.834,194.892,0.058
2691.15,194.681,194.731,0.050
2697.85,194.473,194.529,0.056
2704.62,194.265,194.329,0.063
2711.47,194.085,194.108,0.022
2718.44,193.814,193.839,0.025
2725.46,193.488,193.544,0.056
2732.47,193.203,193.239,0.036
2739.47,192.904,192.944,0.040
2746.47,192.675,192.673,-0.002
2753.49,192.487,192.455,-0.032
2760.50,192.342,192.288,-0.054
2767.42,192.282,192.221,-0.061
2774.03,192.278,192.212,-0.066
2780.32,192.338,192.265,-0.073
2786.58,192.451,192.366,-0.084
2792.96,192.741,192.629,-0.112
2799.27,193.041,193.008,-0.034
2805.61,193.486,193.488,0.003
2811.91,194.123,194.038,-0.085
2818.49,194.701,194.656,-0.045
2825.28,195.487,195.409,-0.078
2832.01,196.147,196.155,0.008
2838.88,196.850,196.838,-0.011
2845.77,197.405,197.417,0.012
2852.77,197.884,197.890,0.006
2859.78,198.242,198.232,-0.010
2866.79,198.488,198.480,-0.008
2873.79,198.611,198.611,0.000
2880.79,198.631,198.630,-0.000
2887.79,198.573,198.536,-0.037
2894.79,198.406,198.377,-0.029
2901.79,198.140,198.123,-0.017
2908.79,197.774,197.764,-0.009
2915.79,197.375,197.316,-0.059
2922.79,196.827,196.789,-0.038
2929.79,196.260,196.236,-0.024
2936.79,195.754,195.679,-0.075
2943.80,195.214,195.159,-0.055
2950.81,194.709,194.687,-0.022
2957.85,194.274,194.236,-0.038
2964.86,193.954,193.835,-0.119
2971.75,193.581,193.513,-0.068
2978.51,193.321,193.261,-0.060
2985.12,193.129,193.083,-0.046
2991.39,193.017,192.970,-0.047
2997.55,192.961,192.949,-0.012
3003.63,192.967,192.988,0.021
3009.78,193.087,193.129,0.041
3016.25,193.291,193.321,0.031
3022.82,193.585,193.627,0.042
3029.26,193.925,194.005,0.081
3035.92,194.390,194.432,0.043
3042.88,194.825,194.922,0.097
3049.84,195.385,195.448,0.063
3056.79,195.946,196.042,0.096
3063.62,196.461,196.609,0.148
3070.42,197.094,197.196,0.102
3077.28,197.649,197.775,0.127
3084.19,198.272,198.355,0.084
3091.08,198.835,198.930,0.096
3097.95,199.333,199.491,0.159
3104.87,199.931,200.064,0.133
3111.78,200.520,200.615,0.095
3118.70,201.060,201.093,0.033
3125.68,201.422,201.532,0.110
3132.62,201.814,201.949,0.136
3139.59,202.189,202.290,0.100
3146.59,202.504,202.600,0.096
3153.58,202.779,202.842,0.063
3160.57,202.970,203.036,0.066
3167.57,203.119,203.168,0.048
3174.57,203.205,203.263,0.059
3181.57,203.296,203.341,0.045
3188.57,203.371,203.429,0.058
3195.51,203.417,203.470,0.053
3202.50,203.309,203.385,0.076
3209.49,203.210,203.293,0.083
3216.47,203.057,203.202,0.145
3223.46,202.930,203.042,0.112
3230.44,202.766,202.857,0.090
3237.40,202.532,202.626,0.094
3244.40,202.267,202.360,0.093
3251.40,202.027,202.104,0.077
3258.40,201.813,201.864,0.051
3265.40,201.560,201.624,0.064
3272.40,201.316,201.368,0.052
3279.40,201.066,201.098,0.033
3286.40,200.784,200.811,0.026
3293.40,200.497,200.521,0.025
3300.40,200.182,200.208,0.026
3307.42,199.862,199.854,-0.008
3314.45,199.421,199.460,0.039
3321.40,199.045,199.053,0.008
3328.26,198.632,198.626,-0.007
3334.88,198.212,198.222,0.009
3341.20,197.889,197.812,-0.078
3347.41,197.455,197.415,-0.040
3353.75,197.060,197.050,-0.009
3360.07,196.820,196.731,-0.089
3366.26,196.580,196.460,-0.120
3372.67,196.309,196.213,-0.096
3379.34,196.097,196.008,-0.089
3386.14,195.957,195.848,-0.109
3392.98,195.753,195.694,-0.059
3399.94,195.572,195.518,-0.053
3406.97,195.422,195.351,-0.071
3413.98,195.195,195.184,-0.011
3420.98,195.049,195.019,-0.030
3428.00,194.864,194.869,0.005
3435.01,194.749,194.747,-0.001
3442.01,194.640,194.641,0.001
3449.01,194.564,194.570,0.006
3456.01,194.516,194.527,0.011
3463.02,194.495,194.502,0.008
3470.03,194.498,194.497,-0.001
3477.04,194.469,194.477,0.009
3484.05,194.496,194.509,0.013
3491.06,194.536,194.554,0.018
3498.06,194.578,194.597,0.019
3505.06,194.654,194.652,-0.002
3512.06,194.706,194.710,0.005
3519.07,194.737,194.752,0.016
3526.07,194.768,194.785,0.017
3533.07,194.816,194.823,0.007
3540.07,194.843,194.852,0.009
3547.07,194.869,194.883,0.014
3554.07,194.909,194.924,0.015
3561.07,194.942,194.961,0.020
3568.07,194.985,194.996,0.010
3575.07,195.007,195.034,0.027
3582.07,195.056,195.078,0.022
3589.07,195.093,195.117,0.024
3596.07,195.154,195.156,0.002
3603.07,195.174,195.193,0.019
3610.07,195.214,195.230,0.017
3617.07,195.267,195.268,0.001
3624.07,195.283,195.304,0.021
3631.08,195.319,195.342,0.023
3638.08,195.359,195.378,0.020
3645.08,195.387,195.409,0.022
3652.08,195.420,195.439,0.019
3659.08,195.460,195.466,0.006
3666.08,195.506,195.517,0.011
3673.08,195.526,195.545,0.019
3680.08,195.566,195.587,0.021
