dist,raw,smoothed,clamped_final,d_raw_final
0.00,195.622,195.620,195.620,-0.002
7.00,195.661,195.655,195.655,-0.007
14.00,195.685,195.684,195.684,-0.001
21.00,195.718,195.711,195.711,-0.007
28.00,195.731,195.736,195.736,0.005
35.00,195.758,195.766,195.766,0.008
42.00,195.789,195.795,195.795,0.006
49.00,195.834,195.826,195.826,-0.007
56.00,195.862,195.861,195.861,-0.000
63.00,195.889,195.897,195.897,0.008
70.01,195.934,195.931,195.931,-0.004
77.01,195.964,195.959,195.959,-0.006
84.01,196.003,195.981,195.981,-0.022
91.01,196.003,195.988,195.988,-0.015
98.01,196.000,195.975,195.975,-0.024
105.01,195.971,195.933,195.933,-0.038
112.01,195.898,195.864,195.864,-0.035
119.01,195.793,195.763,195.763,-0.030
126.01,195.657,195.632,195.632,-0.025
133.01,195.495,195.470,195.470,-0.025
140.01,195.316,195.280,195.280,-0.035
147.02,195.091,195.057,195.057,-0.034
154.02,194.843,194.795,194.795,-0.048
161.02,194.539,194.488,194.488,-0.051
168.02,194.187,194.138,194.138,-0.049
175.02,193.780,193.750,193.750,-0.030
182.03,193.343,193.332,193.332,-0.011
189.02,192.900,192.901,192.901,0.001
195.99,192.451,192.471,192.471,0.020
202.91,192.030,192.047,192.047,0.018
209.75,191.631,191.633,191.633,0.001
216.60,191.224,191.240,191.240,0.016
223.42,190.827,190.888,190.888,0.062
230.31,190.488,190.584,190.584,0.096
237.31,190.272,190.341,190.341,0.069
244.40,190.108,190.166,190.166,0.057
251.51,190.011,190.064,190.064,0.053
258.59,189.949,190.023,190.023,0.074
265.66,189.979,190.050,190.050,0.071
272.72,190.066,190.155,190.155,0.089
279.76,190.245,190.347,190.347,0.102
286.77,190.536,190.631,190.631,0.095
293.77,190.908,191.009,191.009,0.101
300.77,191.402,191.471,191.471,0.069
307.78,191.953,191.991,191.991,0.039
314.79,192.556,192.552,192.552,-0.004
321.76,193.139,193.126,193.126,-0.012
328.71,193.710,193.700,193.700,-0.010
335.66,194.275,194.259,194.259,-0.016
342.57,194.820,194.792,194.792,-0.028
349.37,195.354,195.299,195.299,-0.055
356.14,195.803,195.770,195.770,-0.033
362.97,196.243,196.200,196.200,-0.043
369.84,196.632,196.566,196.566,-0.067
376.49,196.967,196.879,196.879,-0.088
383.14,197.183,197.121,197.121,-0.062
389.88,197.370,197.287,197.287,-0.083
396.62,197.451,197.365,197.365,-0.086
403.38,197.464,197.341,197.341,-0.122
410.12,197.356,197.222,197.222,-0.134
417.01,197.066,197.006,197.006,-0.060
423.99,196.775,196.685,196.685,-0.090
430.93,196.369,196.274,196.274,-0.094
437.92,195.859,195.811,195.811,-0.048
444.92,195.303,195.281,195.281,-0.022
451.91,194.748,194.700,194.700,-0.048
458.88,194.128,194.085,194.085,-0.043
465.87,193.460,193.442,193.442,-0.018
472.87,192.785,192.771,192.771,-0.014
479.85,192.087,192.086,192.086,-0.001
486.85,191.395,191.397,191.397,0.002
493.82,190.705,190.703,190.703,-0.002
500.82,190.014,190.013,190.013,-0.001
507.82,189.312,189.317,189.317,0.005
514.79,188.639,188.617,188.617,-0.022
521.79,187.915,187.921,187.921,0.006
528.78,187.206,187.245,187.245,0.039
535.76,186.532,186.592,186.592,0.060
542.76,185.930,185.985,185.985,0.055
549.76,185.379,185.436,185.436,0.058
556.82,184.879,184.949,184.949,0.069
563.94,184.461,184.524,184.524,0.063
571.09,184.095,184.163,184.163,0.069
578.20,183.808,183.864,183.864,0.056
585.26,183.574,183.607,183.607,0.033
592.30,183.382,183.391,183.391,0.008
599.33,183.176,183.225,183.225,0.049
606.33,183.013,183.132,183.132,0.119
613.35,182.980,183.130,183.130,0.150
620.43,183.107,183.249,183.249,0.142
627.51,183.374,183.505,183.505,0.131
634.55,183.773,183.901,183.901,0.128
641.59,184.292,184.429,184.429,0.138
648.63,184.958,185.090,185.090,0.132
655.65,185.750,185.863,185.923,0.173
662.67,186.676,186.717,186.765,0.089
669.69,187.640,187.611,187.607,-0.032
676.68,188.563,188.500,188.446,-0.116
683.66,189.429,189.333,189.284,-0.145
690.60,190.194,190.077,190.077,-0.117
697.46,190.842,190.720,190.720,-0.122
704.27,191.357,191.252,191.252,-0.105
711.07,191.779,191.683,191.683,-0.096
717.97,192.088,192.020,192.020,-0.068
724.93,192.351,192.288,192.288,-0.063
731.89,192.527,192.499,192.499,-0.028
738.90,192.693,192.679,192.679,-0.014
745.91,192.838,192.837,192.837,-0.001
752.91,192.985,192.990,192.990,0.005
759.91,193.140,193.141,193.141,0.001
766.91,193.294,193.294,193.294,-0.000
773.91,193.447,193.441,193.441,-0.006
780.91,193.601,193.586,193.586,-0.015
787.91,193.724,193.730,193.730,0.005
794.91,193.863,193.869,193.869,0.006
801.91,194.012,194.011,194.011,-0.001
808.91,194.147,194.154,194.154,0.007
815.91,194.308,194.300,194.300,-0.008
822.91,194.440,194.442,194.442,0.001
829.91,194.594,194.584,194.584,-0.011
836.91,194.718,194.723,194.723,0.005
843.91,194.857,194.865,194.865,0.008
850.92,195.007,195.006,195.006,-0.001
857.92,195.147,195.145,195.145,-0.001
864.92,195.299,195.285,195.285,-0.013
871.92,195.418,195.418,195.418,0.001
878.92,195.556,195.544,195.544,-0.012
885.92,195.673,195.660,195.660,-0.013
892.92,195.775,195.775,195.775,-0.000
899.92,195.879,195.881,195.881,0.003
906.92,195.991,195.981,195.981,-0.010
913.93,196.090,196.079,196.079,-0.011
920.93,196.169,196.172,196.172,0.003
927.94,196.265,196.261,196.261,-0.004
934.95,196.347,196.343,196.343,-0.004
941.96,196.433,196.423,196.423,-0.011
948.96,196.502,196.492,196.492,-0.010
955.97,196.566,196.550,196.550,-0.016
962.97,196.610,196.595,196.595,-0.015
969.97,196.639,196.622,196.622,-0.017
976.98,196.658,196.627,196.627,-0.031
983.98,196.637,196.608,196.608,-0.029
990.98,196.591,196.556,196.556,-0.035
997.98,196.512,196.467,196.467,-0.045
1004.98,196.382,196.343,196.343,-0.039
1011.98,196.215,196.182,196.182,-0.032
1018.98,196.016,195.986,195.986,-0.030
1025.98,195.786,195.759,195.759,-0.027
1032.98,195.533,195.505,195.505,-0.028
1039.97,195.245,195.221,195.221,-0.024
1046.96,194.944,194.914,194.914,-0.030
1053.98,194.596,194.588,194.588,-0.008
1060.99,194.254,194.247,194.247,-0.007
1068.01,193.901,193.892,193.892,-0.009
1075.03,193.540,193.539,193.539,-0.002
1082.07,193.170,193.190,193.190,0.019
1089.09,192.827,192.848,192.848,0.021
1095.90,192.510,192.513,192.513,0.003
1102.43,192.190,192.191,192.191,0.001
1108.89,191.868,191.888,191.888,0.020
1115.06,191.562,191.612,191.612,0.051
1120.79,191.311,191.378,191.378,0.068
1126.77,191.131,191.195,191.195,0.064
1132.65,191.020,191.077,191.077,0.057
1138.59,190.953,191.027,191.027,0.075
1144.90,190.969,191.039,191.039,0.070
1151.34,191.064,191.118,191.118,0.055
1158.03,191.190,191.258,191.258,0.069
1164.81,191.418,191.440,191.440,0.023
1171.61,191.651,191.644,191.644,-0.007
1178.44,191.881,191.868,191.868,-0.013
1185.41,192.082,192.088,192.088,0.007
1192.42,192.309,192.306,192.306,-0.003
1199.43,192.521,192.520,192.520,-0.001
1206.43,192.738,192.736,192.736,-0.002
1213.44,192.950,192.948,192.948,-0.002
1220.44,193.162,193.157,193.157,-0.005
1227.44,193.370,193.355,193.355,-0.015
1234.44,193.565,193.542,193.542,-0.022
1241.45,193.729,193.722,193.722,-0.007
1248.45,193.888,193.900,193.900,0.012
1255.46,194.060,194.073,194.073,0.013
1262.46,194.257,194.237,194.237,-0.020
1269.46,194.433,194.383,194.383,-0.049
1276.46,194.548,194.501,194.501,-0.048
1283.45,194.619,194.579,194.579,-0.040
1290.45,194.647,194.614,194.614,-0.033
1297.45,194.648,194.614,194.614,-0.035
1304.44,194.609,194.579,194.579,-0.030
1311.42,194.545,194.511,194.511,-0.033
1318.40,194.446,194.408,194.408,-0.039
1325.37,194.308,194.271,194.271,-0.037
1332.37,194.130,194.110,194.110,-0.020
1339.37,193.925,193.928,193.928,0.003
1346.37,193.739,193.734,193.734,-0.005
1353.37,193.539,193.534,193.534,-0.005
1360.37,193.337,193.334,193.334,-0.003
1367.37,193.133,193.131,193.131,-0.001
1374.37,192.923,192.931,192.931,0.008
1381.37,192.724,192.736,192.736,0.012
1388.37,192.540,192.548,192.548,0.009
1395.37,192.361,192.375,192.375,0.014
1402.37,192.194,192.219,192.219,0.025
1409.37,192.058,192.081,192.081,0.023
1416.37,191.944,191.960,191.960,0.016
1423.37,191.847,191.856,191.856,0.008
1430.37,191.758,191.769,191.769,0.011
1437.37,191.671,191.696,191.696,0.025
1444.38,191.625,191.639,191.639,0.014
1451.38,191.579,191.602,191.602,0.023
1458.38,191.562,191.580,191.580,0.018
1465.38,191.575,191.571,191.571,-0.004
1472.38,191.559,191.580,191.580,0.021
1479.38,191.578,191.604,191.604,0.026
1486.38,191.627,191.640,191.640,0.014
1493.38,191.680,191.693,191.693,0.012
1500.38,191.758,191.756,191.756,-0.003
1507.38,191.821,191.823,191.823,0.002
1514.39,191.892,191.897,191.897,0.005
1521.39,191.963,191.969,191.969,0.006
1528.39,192.051,192.042,192.042,-0.009
1535.39,192.118,192.116,192.116,-0.001
1542.39,192.188,192.187,192.187,-0.001
1549.39,192.262,192.254,192.254,-0.009
1556.39,192.314,192.317,192.317,0.003
1563.39,192.387,192.378,192.378,-0.009
1570.39,192.432,192.439,192.439,0.007
1577.40,192.496,192.503,192.503,0.007
1584.40,192.564,192.570,192.570,0.007
1591.40,192.638,192.645,192.645,0.007
1598.40,192.721,192.722,192.722,0.001
1605.40,192.804,192.805,192.805,0.001
1612.40,192.885,192.881,192.881,-0.004
1619.40,192.977,192.954,192.954,-0.023
1626.40,193.018,193.022,193.022,0.005
1633.41,193.088,193.089,193.089,0.002
1640.42,193.144,193.151,193.151,0.007
1647.43,193.221,193.219,193.219,-0.002
1654.45,193.286,193.287,193.287,0.001
1661.46,193.357,193.356,193.356,-0.001
1668.47,193.429,193.419,193.419,-0.010
1675.47,193.488,193.474,193.474,-0.015
1682.47,193.535,193.515,193.515,-0.021
1689.45,193.558,193.535,193.535,-0.023
1696.39,193.562,193.531,193.531,-0.031
1703.34,193.531,193.496,193.496,-0.035
1710.26,193.469,193.432,193.432,-0.037
1717.19,193.358,193.334,193.334,-0.025
1724.22,193.238,193.203,193.203,-0.035
1731.41,193.072,193.030,193.030,-0.042
1738.76,192.878,192.819,192.819,-0.059
1746.04,192.604,192.579,192.579,-0.024
1753.06,192.304,192.313,192.313,0.010
1759.26,192.039,192.010,192.010,-0.029
1764.71,191.741,191.682,191.682,-0.059
1769.93,191.364,191.319,191.319,-0.045
1775.65,190.965,190.906,190.906,-0.059
1782.54,190.484,190.449,190.449,-0.034
1790.04,189.974,189.962,189.962,-0.013
1797.67,189.460,189.444,189.444,-0.016
1805.01,188.926,188.908,188.908,-0.018
1812.00,188.375,188.349,188.349,-0.026
1818.92,187.805,187.767,187.767,-0.038
1825.90,187.178,187.182,187.182,0.004
1832.90,186.552,186.596,186.596,0.045
1839.90,186.000,186.029,186.029,0.029
1846.89,185.446,185.484,185.484,0.038
1853.89,184.968,184.971,184.971,0.003
1860.88,184.454,184.490,184.490,0.036
1867.88,183.988,184.058,184.058,0.071
1874.87,183.595,183.667,183.667,0.073
1881.88,183.286,183.321,183.321,0.035
1888.89,183.013,183.012,183.012,-0.001
1895.95,182.726,182.738,182.738,0.012
1903.01,182.442,182.482,182.482,0.040
1910.09,182.222,182.252,182.252,0.029
1917.16,182.007,182.061,182.061,0.054
1924.16,181.861,181.913,181.913,0.052
1931.16,181.773,181.800,181.800,0.027
1938.16,181.704,181.724,181.724,0.021
1945.17,181.655,181.679,181.679,0.024
1952.18,181.628,181.655,181.655,0.027
1959.19,181.634,181.654,181.654,0.020
1966.20,181.654,181.673,181.673,0.018
1973.21,181.697,181.711,181.711,0.013
1980.21,181.750,181.762,181.762,0.012
1987.21,181.818,181.822,181.822,0.004
1994.21,181.892,181.888,181.888,-0.004
2001.21,181.953,181.961,181.961,0.008
2008.21,182.028,182.036,182.036,0.008
2015.21,182.113,182.112,182.112,-0.000
2022.22,182.196,182.191,182.191,-0.005
2029.22,182.272,182.267,182.267,-0.005
2036.22,182.345,182.341,182.341,-0.004
2043.23,182.409,182.414,182.414,0.004
2050.24,182.484,182.484,182.484,-0.000
2057.26,182.558,182.554,182.554,-0.003
2064.28,182.624,182.628,182.628,0.004
2071.30,182.695,182.711,182.711,0.016
2078.31,182.780,182.805,182.805,0.025
2085.32,182.900,182.912,182.912,0.013
2092.33,183.025,183.042,183.042,0.017
2099.33,183.162,183.194,183.194,0.032
2106.33,183.345,183.360,183.360,0.016
2113.33,183.538,183.546,183.546,0.008
2120.34,183.732,183.751,183.751,0.019
2127.37,183.956,183.965,183.965,0.009
2134.36,184.183,184.192,184.192,0.010
2141.30,184.416,184.433,184.433,0.017
2148.27,184.677,184.684,184.684,0.008
2155.30,184.934,184.951,184.951,0.017
2162.32,185.211,185.235,185.235,0.024
2169.31,185.519,185.527,185.527,0.008
2176.24,185.833,185.835,185.835,0.002
2183.14,186.139,186.151,186.151,0.013
2190.02,186.473,186.472,186.472,-0.001
2196.85,186.792,186.799,186.799,0.007
2203.73,187.123,187.135,187.135,0.013
2210.70,187.469,187.468,187.468,-0.001
2217.69,187.819,187.797,187.797,-0.022
2224.72,188.138,188.113,188.113,-0.025
2231.74,188.436,188.408,188.408,-0.028
2238.73,188.701,188.681,188.681,-0.020
2245.62,188.944,188.937,188.937,-0.007
2252.46,189.188,189.179,189.179,-0.009
2259.33,189.418,189.402,189.402,-0.016
2265.67,189.644,189.615,189.615,-0.029
2271.93,189.814,189.818,189.818,0.004
2278.65,190.011,190.009,190.009,-0.002
2285.44,190.203,190.188,190.188,-0.015
2292.31,190.370,190.365,190.365,-0.005
2299.30,190.543,190.528,190.528,-0.015
2306.32,190.698,190.679,190.679,-0.018
2313.34,190.825,190.825,190.825,-0.000
2320.34,190.961,190.964,190.964,0.002
2327.34,191.097,191.103,191.103,0.006
2334.34,191.237,191.243,191.243,0.006
2341.35,191.394,191.384,191.384,-0.010
2348.35,191.524,191.524,191.524,-0.001
2355.35,191.669,191.662,191.662,-0.007
2362.35,191.793,191.794,191.794,0.001
2369.35,191.929,191.926,191.926,-0.003
2376.35,192.054,192.053,192.053,-0.000
2383.35,192.185,192.178,192.178,-0.007
2390.35,192.306,192.299,192.299,-0.007
2397.36,192.418,192.418,192.418,0.000
2404.36,192.534,192.535,192.535,0.001
2411.36,192.649,192.651,192.651,0.002
2418.36,192.768,192.767,192.767,-0.001
2425.36,192.886,192.884,192.884,-0.001
2432.36,193.000,193.000,193.000,0.000
2439.36,193.119,193.111,193.111,-0.008
2446.36,193.228,193.216,193.216,-0.012
2453.36,193.324,193.316,193.316,-0.009
2460.37,193.410,193.408,193.408,-0.001
2467.37,193.496,193.498,193.498,0.002
2474.38,193.583,193.589,193.589,0.006
2481.39,193.677,193.678,193.678,0.001
2488.40,193.779,193.764,193.764,-0.016
2495.42,193.854,193.845,193.845,-0.009
2502.43,193.925,193.920,193.920,-0.005
2509.45,193.991,193.991,193.991,-0.000
2516.46,194.052,194.063,194.063,0.011
2523.47,194.133,194.133,194.133,0.000
2530.48,194.213,194.203,194.203,-0.010
2537.49,194.277,194.276,194.276,-0.001
2544.47,194.341,194.347,194.347,0.005
2551.45,194.415,194.414,194.414,-0.001
2558.45,194.486,194.480,194.480,-0.006
2565.45,194.549,194.548,194.548,-0.001
2572.45,194.608,194.618,194.618,0.010
2579.45,194.683,194.687,194.687,0.004
2586.45,194.762,194.762,194.762,-0.000
2593.45,194.833,194.838,194.838,0.006
2600.45,194.922,194.912,194.912,-0.010
2607.46,194.992,194.983,194.983,-0.009
2614.47,195.051,195.055,195.055,0.004
2621.49,195.116,195.120,195.120,0.004
2628.53,195.194,195.180,195.180,-0.014
2635.55,195.248,195.227,195.227,-0.021
2642.57,195.291,195.259,195.259,-0.032
2649.59,195.285,195.269,195.269,-0.017
2656.60,195.274,195.253,195.253,-0.022
2663.63,195.246,195.206,195.206,-0.040
2670.64,195.166,195.127,195.127,-0.039
2677.57,195.058,195.019,195.019,-0.040
2684.42,194.892,194.875,194.875,-0.017
2691.15,194.731,194.708,194.708,-0.023
2697.85,194.529,194.518,194.518,-0.011
2704.62,194.329,194.307,194.307,-0.022
2711.47,194.108,194.070,194.070,-0.038
2718.44,193.839,193.812,193.812,-0.028
2725.46,193.544,193.535,193.535,-0.009
2732.47,193.239,193.248,193.248,0.009
2739.47,192.944,192.971,192.971,0.027
2746.47,192.673,192.720,192.720,0.047
2753.49,192.455,192.516,192.516,0.061
2760.50,192.288,192.370,192.370,0.082
2767.42,192.221,192.288,192.288,0.067
2774.03,192.212,192.270,192.270,0.059
2780.32,192.265,192.339,192.339,0.074
2786.58,192.366,192.496,192.496,0.130
2792.96,192.629,192.751,192.751,0.122
2799.27,193.008,193.106,193.106,0.098
2805.61,193.488,193.564,193.564,0.076
2811.91,194.038,194.120,194.120,0.082
2818.49,194.656,194.749,194.749,0.093
2825.28,195.409,195.419,195.419,0.010
2832.01,196.155,196.095,196.095,-0.060
2838.88,196.838,196.742,196.742,-0.096
2845.77,197.417,197.307,197.307,-0.111
2852.77,197.890,197.772,197.772,-0.118
2859.78,198.232,198.126,198.126,-0.106
2866.79,198.480,198.369,198.369,-0.111
2873.79,198.611,198.498,198.498,-0.113
2880.79,198.630,198.527,198.527,-0.104
2887.79,198.536,198.456,198.456,-0.080
2894.79,198.377,198.286,198.286,-0.091
2901.79,198.123,198.023,198.023,-0.100
2908.79,197.764,197.674,197.674,-0.090
2915.79,197.316,197.246,197.246,-0.070
2922.79,196.789,196.757,196.757,-0.032
2929.79,196.236,196.236,196.236,-0.000
2936.79,195.679,195.710,195.710,0.031
2943.80,195.159,195.199,195.199,0.041
2950.81,194.687,194.719,194.719,0.032
2957.85,194.236,194.286,194.286,0.050
2964.86,193.835,193.907,193.907,0.072
2971.75,193.513,193.586,193.586,0.072
2978.51,193.261,193.332,193.332,0.071
2985.12,193.083,193.155,193.155,0.073
2991.39,192.970,193.050,193.050,0.080
2997.55,192.949,193.024,193.024,0.075
3003.63,192.988,193.071,193.071,0.083
3009.78,193.129,193.203,193.203,0.074
3016.25,193.321,193.414,193.414,0.093
3022.82,193.627,193.703,193.703,0.076
3029.26,194.005,194.062,194.062,0.056
3035.92,194.432,194.487,194.487,0.054
3042.88,194.922,194.970,194.970,0.048
3049.84,195.448,195.491,195.491,0.043
3056.79,196.042,196.043,196.043,0.002
3063.62,196.609,196.614,196.614,0.005
3070.42,197.196,197.195,197.195,-0.001
3077.28,197.775,197.773,197.773,-0.002
3084.19,198.355,198.350,198.350,-0.006
3091.08,198.930,198.923,198.923,-0.007
3097.95,199.491,199.491,199.491,-0.000
3104.87,200.064,200.039,200.039,-0.025
3111.78,200.615,200.559,200.559,-0.056
3118.70,201.093,201.051,201.051,-0.043
3125.68,201.532,201.496,201.496,-0.036
3132.62,201.949,201.893,201.893,-0.057
3139.59,202.290,202.242,202.242,-0.047
3146.59,202.600,202.543,202.543,-0.056
3153.58,202.842,202.787,202.787,-0.055
3160.57,203.036,202.982,202.982,-0.055
3167.57,203.168,203.130,203.130,-0.038
3174.57,203.263,203.247,203.247,-0.016
3181.57,203.341,203.334,203.334,-0.007
3188.57,203.429,203.378,203.378,-0.051
3195.51,203.470,203.384,203.384,-0.087
3202.50,203.385,203.356,203.356,-0.029
3209.49,203.293,203.278,203.278,-0.015
3216.47,203.202,203.156,203.156,-0.046
3223.46,203.042,203.004,203.004,-0.038
3230.44,202.857,202.817,202.817,-0.039
3237.40,202.626,202.598,202.598,-0.029
3244.40,202.360,202.362,202.362,0.002
3251.40,202.104,202.116,202.116,0.012
3258.40,201.864,201.864,201.864,-0.000
3265.40,201.624,201.612,201.612,-0.013
3272.40,201.368,201.353,201.353,-0.015
3279.40,201.098,201.085,201.085,-0.014
3286.40,200.811,200.801,200.801,-0.009
3293.40,200.521,200.498,200.498,-0.023
3300.40,200.208,200.171,200.171,-0.037
3307.42,199.854,199.819,199.819,-0.035
3314.45,199.460,199.440,199.440,-0.020
3321.40,199.053,199.043,199.043,-0.011
3328.26,198.626,198.634,198.634,0.009
3334.88,198.222,198.226,198.226,0.004
3341.20,197.812,197.825,197.825,0.013
3347.41,197.415,197.446,197.446,0.031
3353.75,197.050,197.094,197.094,0.043
3360.07,196.731,196.774,196.774,0.043
3366.26,196.460,196.492,196.492,0.032
3372.67,196.213,196.252,196.252,0.039
3379.34,196.008,196.045,196.045,0.037
3386.14,195.848,195.856,195.856,0.008
3392.98,195.694,195.684,195.684,-0.010
3399.94,195.518,195.519,195.519,0.001
3406.97,195.351,195.353,195.353,0.002
3413.98,195.184,195.188,195.188,0.004
3420.98,195.019,195.034,195.034,0.015
3428.00,194.869,194.892,194.892,0.023
3435.01,194.747,194.769,194.769,0.022
3442.01,194.641,194.671,194.671,0.030
3449.01,194.570,194.597,194.597,0.028
3456.01,194.527,194.547,194.547,0.020
3463.02,194.502,194.515,194.515,0.012
3470.03,194.497,194.503,194.503,0.005
3477.04,194.477,194.508,194.508,0.031
3484.05,194.509,194.527,194.527,0.018
3491.06,194.554,194.558,194.558,0.004
3498.06,194.597,194.604,194.604,0.007
3505.06,194.652,194.653,194.653,0.001
3512.06,194.710,194.699,194.699,-0.011
3519.07,194.752,194.744,194.744,-0.008
3526.07,194.785,194.785,194.785,-0.001
3533.07,194.823,194.819,194.819,-0.004
3540.07,194.852,194.853,194.853,0.001
3547.07,194.883,194.889,194.889,0.006
3554.07,194.924,194.923,194.923,-0.001
3561.07,194.961,194.960,194.960,-0.002
3568.07,194.996,194.999,194.999,0.003
3575.07,195.034,195.037,195.037,0.004
3582.07,195.078,195.076,195.076,-0.002
3589.07,195.117,195.115,195.115,-0.002
3596.07,195.156,195.155,195.155,-0.001
3603.07,195.193,195.193,195.193,-0.000
3610.07,195.230,195.230,195.230,-0.000
3617.07,195.268,195.267,195.267,-0.000
3624.07,195.304,195.305,195.305,0.000
3631.08,195.342,195.340,195.340,-0.002
3638.08,195.378,195.374,195.374,-0.004
3645.08,195.409,195.407,195.407,-0.002
3652.08,195.439,195.442,195.442,0.003
3659.08,195.466,195.475,195.475,0.009
3666.08,195.517,195.511,195.511,-0.007
3673.08,195.545,195.547,195.547,0.003
3680.08,195.587,195.587,195.587,-0.000
